Country Name,Country Code,Series Name,Series Code,2000 [YR2000],2001 [YR2001],2002 [YR2002],2003 [YR2003],2004 [YR2004],2005 [YR2005],2006 [YR2006],2007 [YR2007],2008 [YR2008],2009 [YR2009],2010 [YR2010],2011 [YR2011],2012 [YR2012],2013 [YR2013],2014 [YR2014],2015 [YR2015],2016 [YR2016],2017 [YR2017],2018 [YR2018],2019 [YR2019],2020 [YR2020]
Afghanistan,AFG,Government expenditure on education total (% of GDP),SE.XPD.TOTL.GD.ZS,..,..,..,..,..,..,..,..,..,..,3.4794499874115,3.4620099067688,..,3.45445990562439,3.69521999359131,3.2558000087738,3.5119800567627,3.37331008911133,3.19979000091553,3.21377992630005,..
Albania,ALB,Government expenditure on education total (% of GDP),SE.XPD.TOTL.GD.ZS,3.4301700592041,3.45869994163513,3.11779999732971,3.13824009895325,3.22751998901367,3.28154993057251,3.1914598941803,3.27592992782593,..,..,..,..,..,3.53929996490479,..,3.43796992301941,3.96209001541138,3.61172008514404,..,3.94576001167297,..
Algeria,DZA,Government expenditure on education total (% of GDP),SE.XPD.TOTL.GD.ZS,..,..,..,..,..,..,..,..,4.33701992034912,..,..,..,..,..,..,..,7.34435987472534,6.50538015365601,5.8663501739502,6.10035991668701,..
American Samoa,ASM,Government expenditure on education total (% of GDP),SE.XPD.TOTL.GD.ZS,..,..,..,..,..,..,14.7170495986938,..,..,..,..,..,..,..,..,..,..,..,..,..,..
Andorra,AND,Government expenditure on education total (% of GDP),SE.XPD.TOTL.GD.ZS,..,..,1.65971004962921,..,1.54411995410919,1.64497005939484,2.24489998817444,2.10469007492065,2.87392997741699,3.14292001724243,2.97662997245789,2.98706007003784,..,2.50616002082825,3.07420992851257,3.28034996986389,3.23707008361816,3.21708989143372,3.2467200756073,3.15060997009277,..
Angola,AGO,Government expenditure on education total (% of GDP),SE.XPD.TOTL.GD.ZS,2.60753011703491,..,..,..,..,2.12011003494263,2.28146004676819,..,..,..,3.42131996154785,3.2437698841095,3.27847003936768,3.8720600605011,2.93055009841919,3.48690009117126,2.75494003295898,2.46688008308411,2.04469990730286,1.82117998600006,..
Antigua and Barbuda,ATG,Government expenditure on education total (% of GDP),SE.XPD.TOTL.GD.ZS,..,..,3.39525008201599,..,..,..,..,..,..,2.50888991355896,..,..,..,..,..,..,2.43079996109009,2.44847989082336,2.64407992362976,2.82214999198914,3.32161998748779
Argentina,ARG,Government expenditure on education total (% of GDP),SE.XPD.TOTL.GD.ZS,4.58030986785889,4.833740234375,4.01734018325806,3.53504991531372,3.48652005195618,3.86000990867615,4.12821006774902,4.46260023117065,4.84440994262695,5.53105020523071,5.01971006393433,5.29062986373901,5.34582996368408,5.43661022186279,5.36144018173218,5.77611017227173,5.54548978805542,5.45431995391846,4.94551992416382,4.80237007141113,..
Armenia,ARM,Government expenditure on education total (% of GDP),SE.XPD.TOTL.GD.ZS,2.77273011207581,2.46943998336792,2.13504004478455,2.1450400352478,2.48673009872437,2.71202993392944,2.71577000617981,3.01893997192383,3.17272996902466,3.84079003334045,3.24900007247925,3.14385008811951,2.77248001098633,2.65018010139465,2.24724006652832,2.80591011047363,2.75812005996704,2.70759010314941,2.25587010383606,2.56185007095337,2.70476007461548
Aruba,ABW,Government expenditure on education total (% of GDP),SE.XPD.TOTL.GD.ZS,4.71468019485474,4.73986005783081,4.92364978790283,..,4.40848016738892,4.68132019042969,..,4.81504011154175,4.9992299079895,5.9247899055481,6.92926979064941,6.11913013458252,6.54905986785889,6.44295978546143,5.85128021240234,5.88826990127563,5.4913501739502,..,..,..,..
Australia,AUS,Government expenditure on education total (% of GDP),SE.XPD.TOTL.GD.ZS,4.89146995544434,..,..,..,..,4.91029977798462,4.75019979476929,4.66089010238647,4.63776016235352,5.08582019805908,5.55005979537964,5.07451009750366,4.86899995803833,5.22974014282227,5.16477012634277,5.31127023696899,5.276780128479,5.12790012359619,5.10789012908936,..,..
Austria,AUT,Government expenditure on education total (% of GDP),SE.XPD.TOTL.GD.ZS,5.58880996704102,5.57547998428345,5.52213001251221,5.36183023452759,5.30243015289307,5.24937009811401,5.22652006149292,5.14690017700195,5.26395988464355,5.73024988174438,5.70047998428345,5.59226989746094,5.48040008544922,5.54711008071899,5.44761991500854,5.45658016204834,5.4796199798584,5.3718900680542,5.22535991668701,..,..
Azerbaijan,AZE,Government expenditure on education total (% of GDP),SE.XPD.TOTL.GD.ZS,3.85399007797241,3.50342011451721,3.15445995330811,3.2861499786377,3.44770002365112,2.97462010383606,2.55552005767822,2.5492799282074,2.44092988967896,3.22430992126465,2.78062009811401,2.43564009666443,2.06763005256653,2.44213008880615,2.63303995132446,2.95167994499207,2.90340995788574,2.47381997108459,2.45543003082275,2.68108010292053,..
Bahamas,BHS,Government expenditure on education total (% of GDP),SE.XPD.TOTL.GD.ZS,2.23284006118774,..,..,..,..,..,..,..,..,..,..,..,..,..,..,2.28832006454468,2.32517004013062,2.41849994659424,2.30952000617981,2.39893007278442,2.51087999343872
Bahrain,BHR,Government expenditure on education total (% of GDP),SE.XPD.TOTL.GD.ZS,..,..,..,..,..,..,2.87440991401672,2.57500004768372,2.49677991867065,..,..,..,2.64530992507935,2.47689008712769,2.46745991706848,2.6745400428772,..,2.32452011108398,..,..,..
Bangladesh,BGD,Government expenditure on education total (% of GDP),SE.XPD.TOTL.GD.ZS,2.12508010864258,2.17193007469177,2.01714992523193,2.06939005851746,1.94014000892639,..,2.13128995895386,2.20221996307373,2.0545699596405,1.9394199848175,..,2.13269996643066,2.17549991607666,1.96616005897522,..,..,1.53553998470306,..,..,1.32632005214691,..
Barbados,BRB,Government expenditure on education total (% of GDP),SE.XPD.TOTL.GD.ZS,4.71585988998413,6.05536985397339,5.88062000274658,6.24569988250732,6.02428007125854,5.66965007781982,..,5.22038984298706,4.92259979248047,5.11617994308472,6.0543999671936,..,5.26274013519287,5.14899015426636,6.14349985122681,5.3829197883606,4.70732021331787,4.36638021469116,5.42886018753052,3.20398998260498,4.29515981674194
Belarus,BLR,Government expenditure on education total (% of GDP),SE.XPD.TOTL.GD.ZS,6.19661998748779,..,..,..,5.7122597694397,5.8710298538208,6.07696008682251,5.15210008621216,..,4.3689398765564,5.22003984451294,4.68479013442993,4.95964002609253,5.0094199180603,4.81830978393555,4.78751993179321,4.94654989242554,4.79499006271362,5.38111019134521,4.97947978973389,4.95244979858398
Belgium,BEL,Government expenditure on education total (% of GDP),SE.XPD.TOTL.GD.ZS,..,..,..,..,..,5.79585981369019,..,..,6.33294010162354,6.45809984207153,6.44259023666382,6.43199014663696,..,6.63052988052368,6.59046983718872,6.4515700340271,6.46173000335693,6.42534017562866,6.37663984298706,..,..
Belize,BLZ,Government expenditure on education total (% of GDP),SE.XPD.TOTL.GD.ZS,5.02842998504639,5.79692983627319,..,5.24820995330811,5.3358998298645,..,..,..,5.77263021469116,6.1781702041626,6.71975994110107,..,..,6.42537021636963,6.61468982696533,6.87015008926392,7.29365015029907,7.45028018951416,7.47227001190186,7.1383900642395,7.94095993041992
Benin,BEN,Government expenditure on education total (% of GDP),SE.XPD.TOTL.GD.ZS,2.11366009712219,2.36509990692139,2.15949010848999,2.28315997123718,2.56690001487732,2.6566801071167,2.56340003013611,2.36331009864807,2.77728009223938,3.08927011489868,3.67997002601624,4.39788007736206,3.56202006340027,3.3275101184845,3.161789894104,3.17298007011414,2.89910006523132,3.53558993339539,2.93396997451782,2.96519994735718,..
Bermuda,BMU,Government expenditure on education total (% of GDP),SE.XPD.TOTL.GD.ZS,..,..,..,1.6662700176239,1.77587997913361,1.98877000808716,..,..,..,2.28920006752014,2.30668997764587,..,..,..,1.5368800163269,1.50163996219635,..,1.32495999336243,..,..,..
Bhutan,BTN,Government expenditure on education total (% of GDP),SE.XPD.TOTL.GD.ZS,5.78675985336304,5.91572999954224,..,..,6.60906982421875,7.28714990615845,..,..,4.91159009933472,4.74174022674561,4.12473011016846,4.76523017883301,..,5.72275018692017,6.04489994049072,7.59009981155396,6.99333000183105,7.2257399559021,6.85084009170532,..,..
Bolivia,BOL,Government expenditure on education total (% of GDP),SE.XPD.TOTL.GD.ZS,..,..,..,..,..,..,..,..,..,..,..,..,..,..,..,..,..,..,..,..,..
Bosnia and Herzegovina,BIH,Government expenditure on education total (% of GDP),SE.XPD.TOTL.GD.ZS,..,..,..,..,..,..,..,..,..,..,..,..,..,..,..,..,..,..,..,..,..
Botswana,BWA,Government expenditure on education total (% of GDP),SE.XPD.TOTL.GD.ZS,..,..,..,..,..,10.6785898208618,..,8.85149002075195,..,9.63292026519775,..,..,..,..,..,7.80651998519897,7.97482013702393,7.09999990463257,6.72133016586304,6.91437005996704,..
Brazil,BRA,Government expenditure on education total (% of GDP),SE.XPD.TOTL.GD.ZS,3.94893002510071,3.84468007087708,3.75037002563477,..,3.97447991371155,4.47908020019531,4.87060022354126,4.97425985336304,5.26883983612061,5.46355009078979,5.64879989624023,5.73741006851196,5.85510015487671,5.8388500213623,5.94848012924194,6.24105978012085,6.314040184021,6.32047986984253,6.08851003646851,..,..
British Virgin Islands,VGB,Government expenditure on education total (% of GDP),SE.XPD.TOTL.GD.ZS,..,2.90476989746094,..,..,..,3.04632997512817,3.57675004005432,3.15190005302429,..,3.47628998756409,3.81699991226196,..,..,..,..,5.13478994369507,3.79742002487183,2.66543006896973,2.69412994384766,2.918790102005,..
Brunei Darussalam,BRN,Government expenditure on education total (% of GDP),SE.XPD.TOTL.GD.ZS,3.70590996742249,..,..,..,..,..,..,..,..,..,2.04661011695862,3.32209992408752,2.88959002494812,..,3.35318994522095,..,4.42540979385376,..,..,..,..
Bulgaria,BGR,Government expenditure on education total (% of GDP),SE.XPD.TOTL.GD.ZS,..,3.38423991203308,3.38608002662659,3.99845004081726,2.31995010375977,4.10879993438721,3.90346002578735,3.68264007568359,4.2223801612854,4.27429008483887,3.88095998764038,3.56503009796143,3.49359011650085,4.0724401473999,..,..,..,4.09102010726929,..,..,..
Burkina Faso,BFA,Government expenditure on education total (% of GDP),SE.XPD.TOTL.GD.ZS,..,..,..,..,..,3.94113993644714,3.98218989372253,4.07983016967773,..,..,3.50222992897034,3.98515009880066,3.60315990447998,4.08343982696533,4.05329990386963,3.67008996009827,..,5.62846994400024,5.43056011199951,5.78548002243042,..
Burundi,BDI,Government expenditure on education total (% of GDP),SE.XPD.TOTL.GD.ZS,2.64547991752625,2.90390992164612,3.00493001937866,..,3.74496006965637,3.632159948349,..,..,5.19290018081665,6.17194986343384,6.77524995803833,6.31925010681152,6.16786003112793,5.99535989761353,6.78452014923096,6.37054014205933,4.69199991226196,4.76202011108398,5.07864999771118,..,..
Cabo Verde,CPV,Government expenditure on education total (% of GDP),SE.XPD.TOTL.GD.ZS,..,..,7.87682008743286,..,7.47664022445679,..,6.52960014343262,5.40754985809326,5.51800012588501,5.3089599609375,5.56728982925415,5.04361009597778,..,5.00144004821777,4.96387004852295,5.26691007614136,5.28879022598267,5.18174982070923,5.36885023117065,4.73345994949341,..
Cambodia,KHM,Government expenditure on education total (% of GDP),SE.XPD.TOTL.GD.ZS,1.66681003570557,1.72221994400024,1.71121001243591,..,1.71982002258301,..,..,1.59930002689362,..,1.66568005084991,1.53378999233246,1.51068997383118,1.56089997291565,2.05053997039795,1.90938997268677,..,..,..,2.16285991668701,..,..
Cameroon,CMR,Government expenditure on education total (% of GDP),SE.XPD.TOTL.GD.ZS,1.77991998195648,2.42418003082275,..,3.09141993522644,3.0136399269104,2.88717007637024,2.74145007133484,3.07522988319397,2.61118006706238,3.10942006111145,2.99365997314453,2.76676988601685,2.6971800327301,2.76801991462708,2.68712997436523,2.76804995536804,2.65423011779785,3.15481996536255,3.13120007514954,3.10050010681152,..
Canada,CAN,Government expenditure on education total (% of GDP),SE.XPD.TOTL.GD.ZS,5.42331981658936,4.95303010940552,4.99308013916016,..,..,4.76588010787964,..,4.7664098739624,4.62612009048462,4.84057998657227,5.356369972229,5.26205015182495,..,..,..,..,..,..,..,..,..
Cayman Islands,CYM,Government expenditure on education total (% of GDP),SE.XPD.TOTL.GD.ZS,..,..,..,..,..,..,..,..,..,..,..,..,..,..,..,..,..,..,..,..,..
Central African Republic,CAF,Government expenditure on education total (% of GDP),SE.XPD.TOTL.GD.ZS,1.61265003681183,..,1.5195699930191,1.53980004787445,1.6245299577713,1.65222001075745,1.41506004333496,1.31332004070282,1.29000997543335,1.25458002090454,1.11760997772217,1.10792005062103,..,..,..,1.91023004055023,1.7540899515152,1.75364995002747,1.56587994098663,1.76871001720428,..
Chad,TCD,Government expenditure on education total (% of GDP),SE.XPD.TOTL.GD.ZS,2.64670991897583,2.42614006996155,..,..,1.59294998645782,1.69476997852325,..,..,..,2.31173992156982,1.98194003105164,2.25789999961853,2.20615005493164,2.85070991516113,2.59999990463257,2.40000009536743,2.29999995231628,2.45481991767883,2.25947999954224,2.37245988845825,..
Channel Islands,CHI,Government expenditure on education total (% of GDP),SE.XPD.TOTL.GD.ZS,..,..,..,..,..,..,..,..,..,..,..,..,..,..,..,..,..,..,..,..,..
Chile,CHL,Government expenditure on education total (% of GDP),SE.XPD.TOTL.GD.ZS,3.77583003044128,..,4.08121013641357,3.96345996856689,3.53838992118835,3.26283001899719,3.02152991294861,3.21378993988037,3.79242992401123,4.23064994812012,4.16208982467651,4.04518985748291,..,4.52942991256714,4.73094987869263,4.87530994415283,5.34201002120972,5.41966009140015,5.43316984176636,..,..
China,CHN,Government expenditure on education total (% of GDP),SE.XPD.TOTL.GD.ZS,..,..,..,..,..,..,..,..,..,..,3.75464010238647,3.52196002006531,4.07742977142334,3.85250997543335,3.72663998603821,3.82487010955811,3.79362010955811,3.66744995117188,3.54249000549316,..,..
Colombia,COL,Government expenditure on education total (% of GDP),SE.XPD.TOTL.GD.ZS,3.5112099647522,3.70867991447449,4.26812982559204,4.32513999938965,4.07934999465942,4.02098989486694,3.91671991348267,4.08301019668579,3.9387800693512,4.77651977539063,4.83382987976074,4.46608018875122,4.37038993835449,4.87855005264282,4.62945985794067,4.47038984298706,4.47721004486084,4.53551006317139,4.44910001754761,4.5062198638916,..
Comoros,COM,Government expenditure on education total (% of GDP),SE.XPD.TOTL.GD.ZS,..,..,2.25841999053955,..,..,..,..,..,4.42264986038208,..,..,2.8304500579834,2.74783992767334,2.3827600479126,2.74472999572754,2.5450599193573,..,..,..,..,..
Congo Dem. Rep.,COD,Government expenditure on education total (% of GDP),SE.XPD.TOTL.GD.ZS,..,..,..,..,..,..,..,..,..,..,1.5249799489975,..,..,2.06221008300781,1.95142996311188,2.17043995857239,2.1186900138855,1.45494997501373,..,..,..
Congo Rep.,COG,Government expenditure on education total (% of GDP),SE.XPD.TOTL.GD.ZS,..,..,3.20831990242004,2.8361599445343,2.28813004493713,1.6810200214386,..,..,..,..,5.6867299079895,..,..,..,3.1837100982666,3.28257989883423,5.20979022979736,4.44296979904175,3.00147008895874,3.89800000190735,..
Costa Rica,CRI,Government expenditure on education total (% of GDP),SE.XPD.TOTL.GD.ZS,4.66695022583008,4.83202981948853,5.15044021606445,5.13373994827271,4.89062976837158,..,4.61613988876343,4.6345100402832,4.88697004318237,6.01030015945435,6.56574010848999,6.37988996505737,6.58239984512329,6.68739986419678,6.67952013015747,6.87349987030029,6.89395999908447,7.06980991363525,6.7790699005127,6.80879020690918,6.74626016616821
Cote d'Ivoire,CIV,Government expenditure on education total (% of GDP),SE.XPD.TOTL.GD.ZS,3.70367002487183,3.66867995262146,4.09033012390137,3.96798992156982,4.1278600692749,4.10575008392334,4.00150012969971,4.25832986831665,4.34125995635986,4.41245985031128,4.55346012115479,4.13754987716675,4.65410995483398,4.72900009155273,4.57742977142334,3.49415993690491,3.97232007980347,3.80347990989685,3.23993992805481,3.70040011405945,..
Croatia,HRV,Government expenditure on education total (% of GDP),SE.XPD.TOTL.GD.ZS,..,..,3.82003998756409,3.86479997634888,3.81964993476868,..,..,3.97165989875793,4.28338003158569,4.39177989959717,4.23422002792358,4.13794994354248,..,4.55413007736206,..,..,..,3.90566992759705,..,..,..
Cuba,CUB,Government expenditure on education total (% of GDP),SE.XPD.TOTL.GD.ZS,7.70481014251709,8.3580904006958,9.57116985321045,9.9408597946167,10.2682304382324,10.5577802658081,9.05716991424561,11.8682098388672,14.0590801239014,13.1248598098755,12.8373098373413,..,..,..,..,..,..,..,..,..,..
Curacao,CUW,Government expenditure on education total (% of GDP),SE.XPD.TOTL.GD.ZS,..,..,..,..,..,..,..,..,..,..,..,..,..,4.93095016479492,..,..,..,..,..,..,..
Cyprus,CYP,Government expenditure on education total (% of GDP),SE.XPD.TOTL.GD.ZS,4.98954010009766,5.11552000045776,5.58166980743408,6.6702299118042,6.11772012710571,6.28667020797729,6.3302698135376,6.28082990646362,6.72276020050049,7.2054500579834,6.542799949646,6.53853988647461,..,6.48377990722656,6.44049978256226,6.32612991333008,6.14541006088257,5.75416994094849,..,..,..
Czech Republic,CZE,Government expenditure on education total (% of GDP),SE.XPD.TOTL.GD.ZS,3.64034008979797,3.73283004760742,3.95878005027771,4.11728000640869,3.99238991737366,3.86591005325317,4.1955099105835,3.84717988967896,3.7271900177002,4.1460599899292,4.03350019454956,4.24209022521973,4.22070980072021,4.04676008224487,3.96522998809814,5.75182008743286,5.55373001098633,3.80615997314453,4.26692008972168,..,..
Denmark,DNK,Government expenditure on education total (% of GDP),SE.XPD.TOTL.GD.ZS,8.08434009552002,8.21545028686523,8.2130298614502,8.12193012237549,8.2076301574707,8.08557033538818,7.72990989685059,7.61560010910034,7.47604990005493,8.44888019561768,8.55955028533936,8.48486042022705,7.23782014846802,8.49442958831787,7.634850025177,..,..,7.75243997573853,..,..,..
Djibouti,DJI,Government expenditure on education total (% of GDP),SE.XPD.TOTL.GD.ZS,9.65999984741211,7.80542993545532,8.44760036468506,8.88984966278076,9.26467037200928,8.36588954925537,8.27877998352051,8.40625,..,..,4.49022006988525,..,..,..,..,3.59024000167847,3.92439007759094,3.74855995178223,3.62773990631104,..,..
Dominica,DMA,Government expenditure on education total (% of GDP),SE.XPD.TOTL.GD.ZS,..,..,..,..,..,..,..,..,..,..,..,..,..,..,..,3.40858006477356,5.12972021102905,4.7667498588562,5.57154989242554,5.57160997390747,4.99812984466553
Dominican Republic,DOM,Government expenditure on education total (% of GDP),SE.XPD.TOTL.GD.ZS,1.88829004764557,1.96782994270325,1.9140100479126,1.84465003013611,..,..,..,2.04678988456726,..,..,1.90046000480652,1.90023994445801,2.49751996994019,3.48054003715515,3.96376991271973,3.81624007225037,3.85050010681152,3.92026996612549,3.92848992347717,4.04276990890503,..
Ecuador,ECU,Government expenditure on education total (% of GDP),SE.XPD.TOTL.GD.ZS,1.15093004703522,..,..,..,..,..,..,..,..,4.34242010116577,4.50743007659912,4.72689008712769,4.64307022094727,5.00464010238647,5.26099014282227,4.99870014190674,4.36275005340576,4.61426019668579,4.6214599609375,4.22565984725952,4.13413000106812
Egypt Arab Rep.,EGY,Government expenditure on education total (% of GDP),SE.XPD.TOTL.GD.ZS,..,..,..,4.94563007354736,4.67072010040283,4.79442977905273,4.00178003311157,3.68460988998413,3.76082992553711,..,3.54264998435974,3.34430003166199,3.36829996109009,4.12252998352051,4.25138998031616,3.9308500289917,..,..,..,..,..
El Salvador,SLV,Government expenditure on education total (% of GDP),SE.XPD.TOTL.GD.ZS,2.83868002891541,..,3.242840051651,3.13467001914978,..,3.17785000801086,3.49298000335693,3.60984992980957,4.45810985565186,4.65950012207031,4.04807996749878,3.89854001998901,3.7124400138855,3.80149006843567,3.82416009902954,3.90987992286682,3.82523989677429,3.7252299785614,3.60575008392334,3.38515996932983,..
Equatorial Guinea,GNQ,Government expenditure on education total (% of GDP),SE.XPD.TOTL.GD.ZS,..,..,..,..,..,..,..,..,..,..,..,..,..,..,..,..,..,..,..,..,..
Eritrea,ERI,Government expenditure on education total (% of GDP),SE.XPD.TOTL.GD.ZS,..,4.04716014862061,3.52390003204346,..,3.14896988868713,..,2.12700009346008,..,..,..,..,..,..,..,..,..,..,..,..,..,..
Estonia,EST,Government expenditure on education total (% of GDP),SE.XPD.TOTL.GD.ZS,5.33242988586426,5.22460985183716,5.43131017684937,5.27117013931274,4.87734985351563,4.81315994262695,..,4.62063980102539,5.47737979888916,5.92651987075806,5.47249984741211,4.96921014785767,4.68269014358521,4.81267023086548,5.01113986968994,5.10685014724731,5.11445999145508,4.95629978179932,5.23887014389038,..,..
Eswatini,SWZ,Government expenditure on education total (% of GDP),SE.XPD.TOTL.GD.ZS,5.50848007202148,4.83824014663696,4.44086980819702,5.81677007675171,5.40160989761353,6.48462009429932,6.55475997924805,..,6.61812019348145,6.47135019302368,6.11837005615234,6.86432981491089,..,..,7.07032012939453,5.35575008392334,5.41466999053955,6.13809013366699,5.67916011810303,5.64554977416992,5.34233999252319
Ethiopia,ETH,Government expenditure on education total (% of GDP),SE.XPD.TOTL.GD.ZS,3.98310995101929,3.7002899646759,3.63245010375977,..,..,..,5.49096012115479,5.45112991333008,5.40819978713989,4.42207002639771,4.49659013748169,5.48576021194458,5.56678009033203,4.4985499382019,4.60201978683472,4.73791980743408,5.06151008605957,5.64951992034912,5.06867980957031,..,..
Faroe Islands,FRO,Government expenditure on education total (% of GDP),SE.XPD.TOTL.GD.ZS,..,..,..,..,..,..,..,..,..,..,..,..,..,..,..,7.71241998672485,7.71989011764526,8.23338031768799,..,..,..
Fiji,FJI,Government expenditure on education total (% of GDP),SE.XPD.TOTL.GD.ZS,5.87773990631104,5.6431097984314,6.27586984634399,..,6.20915985107422,5.16705989837646,5.6553201675415,5.89472007751465,4.25357007980347,4.49847984313965,4.82435989379883,4.17305994033813,4.72265005111694,3.88288998603821,4.26821994781494,4.80931997299194,4.8358998298645,4.65118980407715,4.83571004867554,5.06788015365601,..
Finland,FIN,Government expenditure on education total (% of GDP),SE.XPD.TOTL.GD.ZS,5.70930004119873,5.84025001525879,6.01677989959717,6.16743993759155,6.15757989883423,6.02507019042969,5.92838001251221,5.67125988006592,5.83010005950928,6.45955991744995,6.50444984436035,6.44504976272583,7.14803981781006,7.12404012680054,7.10236978530884,7.03208017349243,6.85153007507324,6.36311006546021,6.26929998397827,..,..
France,FRA,Government expenditure on education total (% of GDP),SE.XPD.TOTL.GD.ZS,..,..,..,..,..,..,..,..,..,..,..,..,..,..,..,..,..,5.45160007476807,5.41316986083984,..,..
French Polynesia,PYF,Government expenditure on education total (% of GDP),SE.XPD.TOTL.GD.ZS,..,..,..,..,..,..,..,..,..,..,..,..,..,..,..,..,..,..,..,..,..
Gabon,GAB,Government expenditure on education total (% of GDP),SE.XPD.TOTL.GD.ZS,3.82709002494812,..,..,..,..,..,..,..,..,..,3.07808995246887,2.987459897995,3.01340007781982,3.02971005439758,2.66667008399963,2.90000009536743,2.76999998092651,3.32680988311768,2.93345999717712,2.76782989501953,..
Gambia,GMB,Government expenditure on education total (% of GDP),SE.XPD.TOTL.GD.ZS,1.46587002277374,1.15810000896454,1.44291996955872,1.36337995529175,0.622470021247864,0.691879987716675,0.751630008220673,0.816860020160675,2.18129992485046,1.90813994407654,2.56322002410889,2.50116991996765,2.63756990432739,1.81839001178741,2.23094010353088,2.16002988815308,2.0244300365448,2.45918989181519,2.36543989181519,2.87529993057251,..
Georgia,GEO,Government expenditure on education total (% of GDP),SE.XPD.TOTL.GD.ZS,2.18105006217957,2.13750004768372,2.23501992225647,2.06559991836548,2.91420006752014,2.48431992530823,3.00364995002747,2.69687008857727,2.9195499420166,3.22237992286682,2.80364990234375,2.5761399269104,1.90610003471375,2.8867199420929,2.99767994880676,3.16487002372742,3.59386992454529,3.57442998886108,3.5210599899292,3.80864000320435,3.83912992477417
Germany,DEU,Government expenditure on education total (% of GDP),SE.XPD.TOTL.GD.ZS,..,..,..,..,..,..,4.2939600944519,4.36679983139038,4.43594980239868,4.90951013565063,4.94367980957031,4.82487010955811,4.95658016204834,4.93538999557495,4.92102003097534,4.85515022277832,4.83923006057739,4.88274002075195,4.99274015426636,..,..
Ghana,GHA,Government expenditure on education total (% of GDP),SE.XPD.TOTL.GD.ZS,..,5.35444021224976,..,..,7.53558015823364,7.42208003997803,5.25982999801636,5.51986980438232,5.75795984268188,5.31744003295898,5.54059982299805,8.14097023010254,7.91913986206055,4.57646989822388,4.66057014465332,4.6121301651001,4.52884006500244,3.62737989425659,4.0041298866272,..,..
Gibraltar,GIB,Government expenditure on education total (% of GDP),SE.XPD.TOTL.GD.ZS,..,..,..,..,..,..,..,..,..,..,..,..,..,..,..,..,..,..,..,..,..
Greece,GRC,Government expenditure on education total (% of GDP),SE.XPD.TOTL.GD.ZS,3.23019003868103,3.36457991600037,3.42430996894836,3.42933988571167,3.66719007492065,3.96395993232727,..,..,..,..,..,..,..,..,..,3.66676998138428,..,3.47220993041992,3.59395003318787,..,..
Greenland,GRL,Government expenditure on education total (% of GDP),SE.XPD.TOTL.GD.ZS,..,..,..,..,..,..,..,..,..,..,..,..,..,..,..,12.004599571228,11.0861396789551,11.0285596847534,10.5601902008057,..,..
Grenada,GRD,Government expenditure on education total (% of GDP),SE.XPD.TOTL.GD.ZS,..,..,..,3.92673993110657,..,..,..,..,..,..,..,..,..,..,..,4.238609790802,..,3.17379999160767,3.55255007743835,..,..
Guam,GUM,Government expenditure on education total (% of GDP),SE.XPD.TOTL.GD.ZS,..,..,..,..,..,..,..,..,..,..,..,..,..,..,..,..,..,..,..,..,..
Guatemala,GTM,Government expenditure on education total (% of GDP),SE.XPD.TOTL.GD.ZS,..,..,..,..,..,..,3.03285002708435,3.08808994293213,3.23686003684998,..,2.8486499786377,2.96865010261536,3.00524997711182,2.88808989524841,2.98562002182007,3.03032994270325,2.94474005699158,2.95009994506836,3.13704991340637,3.19928002357483,3.29972004890442
Guinea,GIN,Government expenditure on education total (% of GDP),SE.XPD.TOTL.GD.ZS,2.59340000152588,2.08190989494324,2.59386992454529,2.37102007865906,2.21000003814697,1.84906005859375,..,..,1.58112001419067,2.20725011825562,2.55118989944458,2.28742003440857,1.83370995521545,2.63421010971069,2.42281007766724,2.51713991165161,2.54450011253357,2.3203399181366,2.38432002067566,1.84836995601654,2.19947004318237
Guinea-Bissau,GNB,Government expenditure on education total (% of GDP),SE.XPD.TOTL.GD.ZS,..,..,..,..,..,..,..,..,..,..,1.86082005500793,1.8578599691391,2.00106000900269,2.13248991966248,2.20000004768372,2.29999995231628,2.29999995231628,2.20000004768372,2.13787007331848,2.94781994819641,..
Guyana,GUY,Government expenditure on education total (% of GDP),SE.XPD.TOTL.GD.ZS,8.48414993286133,8.39729976654053,8.36553955078125,6.95590019226074,5.51293992996216,8.13973045349121,3.11891007423401,2.39118003845215,..,2.15057992935181,2.40938997268677,2.50669002532959,2.24131989479065,..,4.36032009124756,3.89569997787476,4.73775005340576,4.6647801399231,4.45058012008667,..,..
Haiti,HTI,Government expenditure on education total (% of GDP),SE.XPD.TOTL.GD.ZS,..,..,..,..,..,..,..,..,..,..,..,..,..,..,1.79446005821228,1.85400998592377,1.4227499961853,1.5911899805069,1.68210005760193,..,..
Honduras,HND,Government expenditure on education total (% of GDP),SE.XPD.TOTL.GD.ZS,..,..,..,..,..,..,..,..,..,..,6.80000019073486,6.09999990463257,..,5.87492990493774,7.0901198387146,6.41297006607056,5.15961980819702,4.93701982498169,6.05646991729736,4.91284990310669,..
Hong Kong SAR China,HKG,Government expenditure on education total (% of GDP),SE.XPD.TOTL.GD.ZS,..,3.90370011329651,4.01554012298584,4.28529977798462,4.5589599609375,4.13463020324707,3.84278988838196,3.45455002784729,3.26062989234924,4.39212989807129,3.51003003120422,3.41822004318237,3.50960993766785,3.76031994819641,3.57255005836487,3.26212000846863,3.29264998435974,3.31010007858276,3.32651996612549,3.81060004234314,4.4063401222229
Hungary,HUN,Government expenditure on education total (% of GDP),SE.XPD.TOTL.GD.ZS,4.86840009689331,4.9310097694397,5.17923021316528,5.79115009307861,5.33585977554321,5.33092021942139,5.29608011245728,5.14305019378662,4.97358989715576,4.95804023742676,4.73301982879639,4.5690598487854,4.15342998504639,4.19764995574951,4.61066007614136,4.49899005889893,4.62049007415771,4.61972999572754,4.62730979919434,..,..
Iceland,ISL,Government expenditure on education total (% of GDP),SE.XPD.TOTL.GD.ZS,6.4314398765564,6.70592021942139,7.29892015457153,7.24507999420166,7.16118001937866,7.33843994140625,7.19521999359131,6.9443302154541,7.03601980209351,7.18984985351563,6.9442400932312,6.78997993469238,7.58223009109497,7.44868993759155,7.6414098739624,7.4579701423645,7.43219995498657,7.58385992050171,7.57405996322632,..,..
India,IND,Government expenditure on education total (% of GDP),SE.XPD.TOTL.GD.ZS,4.32479000091553,..,..,3.61340999603271,3.35254001617432,3.18875002861023,3.14284992218018,..,..,3.27824997901917,3.377690076828,3.79618000984192,3.8675000667572,3.84467005729675,..,3.28572988510132,3.45097994804382,..,..,..,..
Indonesia,IDN,Government expenditure on education total (% of GDP),SE.XPD.TOTL.GD.ZS,..,2.46003007888794,2.64568996429443,3.21799993515015,2.74847006797791,2.8728199005127,..,3.04425001144409,2.90190005302429,3.52513003349304,2.81227993965149,3.18944001197815,3.40748000144959,3.35904002189636,3.28800988197327,3.58360004425049,3.5,2.6699800491333,3,2.84185004234314,..
Iran Islamic Rep.,IRN,Government expenditure on education total (% of GDP),SE.XPD.TOTL.GD.ZS,4.03064012527466,4.07168006896973,4.48487997055054,4.36322021484375,4.29662990570068,4.05650997161865,4.28998994827271,4.59680986404419,3.91375994682312,3.84244990348816,3.70918011665344,3.48497009277344,3.16859006881714,3.06795001029968,2.80135011672974,2.79738998413086,3.36576008796692,3.79040002822876,3.9553599357605,3.66319990158081,..
Iraq,IRQ,Government expenditure on education total (% of GDP),SE.XPD.TOTL.GD.ZS,..,..,..,..,..,..,..,..,..,..,..,..,..,..,..,..,..,..,..,..,..
Ireland,IRL,Government expenditure on education total (% of GDP),SE.XPD.TOTL.GD.ZS,4.13589000701904,4.09014987945557,4.10614013671875,4.20618009567261,4.48499011993408,4.52098989486694,4.54747009277344,4.71398019790649,5.44849014282227,6.14646005630493,6.04014015197754,5.85402011871338,5.76611995697021,5.33594989776611,4.87313985824585,3.7580099105835,3.73173999786377,3.46884989738464,3.38309001922607,..,..
Isle of Man,IMN,Government expenditure on education total (% of GDP),SE.XPD.TOTL.GD.ZS,..,..,..,..,..,..,..,..,..,..,..,..,..,..,..,..,..,..,..,..,..
Israel,ISR,Government expenditure on education total (% of GDP),SE.XPD.TOTL.GD.ZS,6.10131978988647,6.36227989196777,6.4510498046875,6.33136987686157,5.93342018127441,5.75444984436035,5.75588989257813,5.49882984161377,5.52945995330811,5.49372005462646,5.53525018692017,5.57658004760742,5.69996976852417,5.88374996185303,5.78351020812988,5.86124992370605,5.8632698059082,6.10272979736328,6.1648998260498,..,..
Italy,ITA,Government expenditure on education total (% of GDP),SE.XPD.TOTL.GD.ZS,4.29107999801636,4.65009021759033,4.43240976333618,4.54179000854492,4.38520002365112,4.23829984664917,4.52545022964478,4.10503005981445,4.38794994354248,4.52371978759766,4.33411979675293,4.11568021774292,4.05601978302002,4.14367008209229,4.06127977371216,4.07362985610962,3.81578993797302,4.04493999481201,4.2557201385498,..,..
Jamaica,JAM,Government expenditure on education total (% of GDP),SE.XPD.TOTL.GD.ZS,4.98346996307373,5.38103008270264,5.37522983551025,4.25684976577759,3.91254997253418,4.61641979217529,..,5.49022006988525,6.19131994247437,6.19848012924194,6.37060022354126,6.26664018630981,6.11246013641357,6.25108003616333,6.01586008071899,5.45521020889282,5.31461000442505,5.26016998291016,5.41380977630615,5.16364002227783,5.40337991714478
Japan,JPN,Government expenditure on education total (% of GDP),SE.XPD.TOTL.GD.ZS,..,..,..,..,..,..,..,..,..,..,..,..,..,..,..,..,..,..,..,..,..
Jordan,JOR,Government expenditure on education total (% of GDP),SE.XPD.TOTL.GD.ZS,..,..,..,..,..,..,..,..,..,..,3.09999990463257,3.40000009536743,3.5,3.5,..,..,3.45282006263733,3.22853994369507,2.98481011390686,2.98847007751465,..
Kazakhstan,KAZ,Government expenditure on education total (% of GDP),SE.XPD.TOTL.GD.ZS,3.25661993026733,..,3.02970004081726,..,2.25590991973877,2.26353001594543,2.62678003311157,2.83138990402222,2.58945989608765,3.06071996688843,3.46226000785828,3.4935200214386,3.9016900062561,3.43737006187439,3.42164993286133,2.7885799407959,2.97810006141663,2.75081992149353,2.61595010757446,2.8569700717926,..
Kenya,KEN,Government expenditure on education total (% of GDP),SE.XPD.TOTL.GD.ZS,5.1867299079895,5.20621013641357,6.17199993133545,6.49426984786987,6.79692983627319,7.3356499671936,7.04983997344971,..,..,..,5.50822019577026,5.33528995513916,5.50903987884521,5.41137981414795,5.28021001815796,5.27133989334106,5.36266994476318,5.36668014526367,5.30625009536743,4.97439002990723,5.07996988296509
Kiribati,KIR,Government expenditure on education total (% of GDP),SE.XPD.TOTL.GD.ZS,11.1858701705933,11.9881200790405,..,..,..,..,..,..,..,..,..,12.9700002670288,13.3843803405762,12.0265302658081,11.2323703765869,9.86295986175537,10.0935897827148,10.8631601333618,11.9682903289795,12.3946599960327,..
Korea Dem. People's Rep.,PRK,Government expenditure on education total (% of GDP),SE.XPD.TOTL.GD.ZS,..,..,..,..,..,..,..,..,..,..,..,..,..,..,..,..,..,..,..,..,..
Korea Rep.,KOR,Government expenditure on education total (% of GDP),SE.XPD.TOTL.GD.ZS,..,..,..,..,..,..,..,..,..,..,..,..,..,..,..,..,4.33309984207153,4.32823991775513,4.45807981491089,..,..
Kosovo,XKX,Government expenditure on education total (% of GDP),SE.XPD.TOTL.GD.ZS,..,..,..,..,..,..,..,..,..,..,..,..,..,..,..,..,..,..,..,..,..
Kuwait,KWT,Government expenditure on education total (% of GDP),SE.XPD.TOTL.GD.ZS,..,6.5858302116394,6.551109790802,..,5.53506994247437,4.73833990097046,3.75997996330261,..,..,..,..,..,..,..,..,4.77148008346558,5.84771013259888,6.3654899597168,6.38917016983032,6.49243021011353,6.55125999450684
Kyrgyz Republic,KGZ,Government expenditure on education total (% of GDP),SE.XPD.TOTL.GD.ZS,3.50838994979858,3.85418009757996,4.44545984268188,4.47541999816895,4.62243986129761,4.87383985519409,5.54986000061035,6.46700000762939,5.91318988800049,6.23267984390259,5.81883001327515,6.79061985015869,7.38423013687134,6.78020000457764,5.53159999847412,5.98550987243652,6.58615016937256,6.02618980407715,5.55267000198364,5.36674976348877,..
Lao PDR,LAO,Government expenditure on education total (% of GDP),SE.XPD.TOTL.GD.ZS,1.50369000434875,1.9902800321579,2.82522010803223,..,2.41300010681152,2.4140899181366,2.95879006385803,3.07841992378235,2.27854990959167,1.65485000610352,1.70978999137878,1.70801997184753,1.82147002220154,3.23380994796753,2.93780994415283,..,..,..,..,..,..
Latvia,LVA,Government expenditure on education total (% of GDP),SE.XPD.TOTL.GD.ZS,5.28064012527466,5.45413017272949,5.60949993133545,5.06685018539429,4.84540987014771,..,4.69612979888916,4.64067983627319,5.38116979598999,5.5423002243042,5.05705976486206,4.91069984436035,6.54672002792358,6.94364976882935,5.28388977050781,5.28493976593018,4.65953016281128,4.37029981613159,4.24517011642456,..,..
Lebanon,LBN,Government expenditure on education total (% of GDP),SE.XPD.TOTL.GD.ZS,..,2.84148001670837,2.55271005630493,..,2.64094996452332,2.64618992805481,2.77975988388062,2.58357000350952,2.01479005813599,1.76570999622345,1.61330997943878,1.65251994132996,2.14808988571167,2.43245005607605,2,2.09999990463257,2.12392997741699,2.13294005393982,2.52447009086609,2.59202003479004,..
Lesotho,LSO,Government expenditure on education total (% of GDP),SE.XPD.TOTL.GD.ZS,10.0915498733521,9.36505031585693,10.1004495620728,13.2195701599121,11.1090097427368,12.0796604156494,11.2712802886963,..,12.3295202255249,..,..,8.16510009765625,7.66605997085571,7.29226016998291,7.19859981536865,9,7.76074981689453,8.15688991546631,7.28535985946655,7.80014991760254,7.37501001358032
Liberia,LBR,Government expenditure on education total (% of GDP),SE.XPD.TOTL.GD.ZS,..,..,..,..,..,..,..,..,1.70166003704071,..,..,..,1.77711999416351,1.73466002941132,2.27909994125366,2.1708300113678,2.14812994003296,2.76128005981445,2.58412003517151,2.27039003372192,2.30928993225098
Libya,LBY,Government expenditure on education total (% of GDP),SE.XPD.TOTL.GD.ZS,..,..,..,..,..,..,..,..,..,..,..,..,..,..,..,..,..,..,..,..,..
Liechtenstein,LIE,Government expenditure on education total (% of GDP),SE.XPD.TOTL.GD.ZS,..,..,..,2.46013998985291,2.43333005905151,..,2.05380988121033,1.92119002342224,2.04836988449097,..,..,2.55604004859924,..,..,..,..,..,..,..,..,..
Lithuania,LTU,Government expenditure on education total (% of GDP),SE.XPD.TOTL.GD.ZS,..,5.84758996963501,5.80007982254028,5.11418008804321,5.17428016662598,4.87839984893799,4.82572984695435,4.59521007537842,4.83990001678467,5.58523988723755,5.29786014556885,5.11343002319336,4.75802993774414,4.60233020782471,4.48657989501953,4.2271900177002,4.004310131073,3.81220006942749,3.89495992660522,..,..
Luxembourg,LUX,Government expenditure on education total (% of GDP),SE.XPD.TOTL.GD.ZS,..,3.55579996109009,..,..,..,..,..,..,..,..,..,..,4.09041023254395,..,4.00789022445679,3.91820001602173,..,3.56959009170532,3.66626000404358,..,..
Macao SAR China,MAC,Government expenditure on education total (% of GDP),SE.XPD.TOTL.GD.ZS,3.31438994407654,2.71446990966797,2.84295988082886,2.78016996383667,2.23348999023438,2.2778799533844,2.19386005401611,2.04345011711121,2.1964099407196,2.53323006629944,2.61848998069763,2.67528009414673,3.32516002655029,2.05048990249634,2.04853010177612,3.00165009498596,3.09854006767273,2.70557999610901,2.72788000106812,3.06146001815796,..
Madagascar,MDG,Government expenditure on education total (% of GDP),SE.XPD.TOTL.GD.ZS,2.4386899471283,2.707200050354,2.23179006576538,2.61094999313354,2.81261992454529,3.3096399307251,2.83097004890442,2.90274000167847,2.55433988571167,2.82512998580933,2.75,2.38168001174927,2.34067010879517,1.77693998813629,2.3812301158905,2.21011996269226,2.68719005584717,2.8364200592041,2.87452006340027,2.94490003585815,..
Malawi,MWI,Government expenditure on education total (% of GDP),SE.XPD.TOTL.GD.ZS,5.24797010421753,4.50897979736328,..,3.21566009521484,..,..,..,..,..,..,3.53979992866516,4.1526198387146,..,5.41617012023926,4.83983993530273,5.60866022109985,4.74856996536255,4.03133010864258,3.38193988800049,3.71131992340088,2.90761995315552
Malaysia,MYS,Government expenditure on education total (% of GDP),SE.XPD.TOTL.GD.ZS,5.9716100692749,7.48446989059448,7.65792989730835,7.50288009643555,5.92389011383057,..,4.48576021194458,4.37253999710083,3.95851993560791,5.97418022155762,4.96645021438599,5.76293992996216,5.73902988433838,5.48120021820068,5.21263980865479,4.89486980438232,4.75192022323608,4.6753101348877,4.47959995269775,4.16339015960693,..
Maldives,MDV,Government expenditure on education total (% of GDP),SE.XPD.TOTL.GD.ZS,..,..,5.79186010360718,5.32406997680664,4.66160011291504,5.0168399810791,4.64523983001709,4.41788005828857,4.470290184021,5.08168983459473,3.63328003883362,3.08072996139526,3.34085988998413,3.3882999420166,3.0885899066925,3.88749003410339,3.68701004981995,3.88747000694275,3.91248989105225,4.12159013748169,..
Mali,MLI,Government expenditure on education total (% of GDP),SE.XPD.TOTL.GD.ZS,2.97156000137329,2.65844988822937,2.8962299823761,3.80559992790222,3.85922002792358,3.52218008041382,..,..,3.403559923172,3.86904001235962,3.34388995170593,3.75423002243042,3.47949004173279,3.28465008735657,3.64819002151489,3.80152010917664,3.09477996826172,3.78976988792419,3.88252997398376,3.43867993354797,..
Malta,MLT,Government expenditure on education total (% of GDP),SE.XPD.TOTL.GD.ZS,..,..,4.14305019378662,..,4.43492984771729,..,..,5.94750022888184,5.50121021270752,5.07039022445679,6.25004005432129,7.69612979888916,6.34545993804932,7.57923984527588,7.00420999526978,5.02398014068604,5.08445978164673,4.65162992477417,..,..,..
Marshall Islands,MHL,Government expenditure on education total (% of GDP),SE.XPD.TOTL.GD.ZS,..,..,8.20897960662842,11.8198003768921,..,..,..,..,..,..,..,..,..,..,..,..,..,..,..,9.61128997802734,..
Mauritania,MRT,Government expenditure on education total (% of GDP),SE.XPD.TOTL.GD.ZS,..,2.10683989524841,2.27714991569519,2.36501002311707,1.9507999420166,..,1.95851004123688,..,..,..,..,2.33102011680603,2.15821003913879,2.29354000091553,..,..,1.94405996799469,..,..,1.89373004436493,1.88659000396729
Mauritius,MUS,Government expenditure on education total (% of GDP),SE.XPD.TOTL.GD.ZS,3.76910996437073,3.11486005783081,3.06089997291565,4.41583013534546,4.31306982040405,4.07819986343384,3.69751000404358,3.18540000915527,3.06307005882263,3.04731011390686,3.55147004127502,3.33207011222839,3.41820001602173,3.61578989028931,4.91695022583008,4.88667011260986,5.01359987258911,5.02312994003296,4.83458995819092,4.71929979324341,4.60799980163574
Mexico,MEX,Government expenditure on education total (% of GDP),SE.XPD.TOTL.GD.ZS,3.99243998527527,4.24104022979736,4.45495986938477,5.07257986068726,4.72670984268188,4.84568977355957,4.69992017745972,4.69050979614258,4.82006978988647,5.18794012069702,5.15922021865845,5.10564994812012,5.10309982299805,4.69605016708374,5.25747013092041,5.22942018508911,4.90681982040405,4.51821994781494,4.25442981719971,..,..
Micronesia Fed. Sts.,FSM,Government expenditure on education total (% of GDP),SE.XPD.TOTL.GD.ZS,6.70687007904053,..,..,..,..,..,..,..,..,..,..,..,..,..,..,12.407919883728,13.5126600265503,12.4164199829102,9.69705009460449,..,..
Moldova,MDA,Government expenditure on education total (% of GDP),SE.XPD.TOTL.GD.ZS,4.48639011383057,4.84684991836548,5.4979100227356,5.42489004135132,6.77103996276855,7.16270017623901,7.49899005889893,8.29337024688721,8.23727035522461,9.5097599029541,7.5922999382019,7.13638019561768,6.98338985443115,5.90975999832153,6.26601982116699,5.80568981170654,5.60844993591309,5.6184401512146,5.43973016738892,6.10457992553711,..
Monaco,MCO,Government expenditure on education total (% of GDP),SE.XPD.TOTL.GD.ZS,1.25536000728607,..,..,..,1.2438600063324,..,..,..,..,1.35459005832672,1.31735002994537,1.58989000320435,1.78004002571106,1.33440005779266,1.02195000648499,..,1.37092995643616,1.45792996883392,..,1.15266001224518,..
Mongolia,MNG,Government expenditure on education total (% of GDP),SE.XPD.TOTL.GD.ZS,5.55037021636963,..,7.21078014373779,..,4.32572984695435,..,..,4.69013023376465,..,5.14484977722168,4.64510011672974,4.60902976989746,5.19520998001099,4.94077014923096,4.71484994888306,4.17699003219604,5.18061017990112,4.08859014511108,6.17301988601685,4.94088983535767,..
Montenegro,MNE,Government expenditure on education total (% of GDP),SE.XPD.TOTL.GD.ZS,..,..,..,..,..,..,..,..,..,..,..,..,..,..,..,..,..,..,..,..,..
Morocco,MAR,Government expenditure on education total (% of GDP),SE.XPD.TOTL.GD.ZS,..,..,..,..,..,..,..,..,5.34215021133423,5.26064014434814,..,..,..,..,..,..,..,..,..,..,..
Mozambique,MOZ,Government expenditure on education total (% of GDP),SE.XPD.TOTL.GD.ZS,..,..,..,..,3.32669997215271,4.00578022003174,3.87146997451782,..,..,..,5.95292997360229,6.26040983200073,5.67216014862061,6.1153302192688,6.87632989883423,6.01082992553711,5.86503982543945,5.50555992126465,5.45218992233276,6.22999000549316,..
Myanmar,MMR,Government expenditure on education total (% of GDP),SE.XPD.TOTL.GD.ZS,..,..,..,..,..,..,..,..,..,..,0.899999976158142,0.787440001964569,1.60000002384186,2.09999990463257,1.89999997615814,2.09999990463257,1.89999997615814,2.08768010139465,1.92288994789124,1.97421002388,..
Namibia,NAM,Government expenditure on education total (% of GDP),SE.XPD.TOTL.GD.ZS,6.901780128479,6.88886976242065,6.7423300743103,6.13713979721069,..,..,6.03171014785767,..,6.40342998504639,..,8.24330043792725,7.3978099822998,7.79339981079102,7.46637010574341,7.45288991928101,9.91370010375977,10.6520299911499,9.75998020172119,8.98805046081543,9.48040962219238,9.40958976745605
Nauru,NRU,Government expenditure on education total (% of GDP),SE.XPD.TOTL.GD.ZS,..,..,..,..,..,..,..,4.24615001678467,..,..,..,..,..,..,..,..,..,..,..,..,..
Nepal,NPL,Government expenditure on education total (% of GDP),SE.XPD.TOTL.GD.ZS,2.9751501083374,3.70837998390198,3.15283989906311,3.11435008049011,3.17194008827209,3.3646399974823,3.60536003112793,3.51721000671387,3.8051700592041,4.6637601852417,3.63172006607056,3.84261989593506,3.29008007049561,3.01811003684998,3.47213006019592,3.25902009010315,3.90320992469788,4.76722002029419,4.43445014953613,..,..
Netherlands,NLD,Government expenditure on education total (% of GDP),SE.XPD.TOTL.GD.ZS,4.58512020111084,4.69964981079102,4.80590009689331,5.0404200553894,5.06297016143799,5.10939979553223,5.04402017593384,4.88682985305786,5.02904987335205,5.43156003952026,5.48908996582031,5.46303987503052,5.4102201461792,5.52655982971191,5.458899974823,5.34815979003906,5.47959995269775,5.17509984970093,5.35764980316162,..,..
New Caledonia,NCL,Government expenditure on education total (% of GDP),SE.XPD.TOTL.GD.ZS,..,..,..,..,..,..,..,..,..,..,..,..,..,..,..,..,..,..,..,..,..
New Zealand,NZL,Government expenditure on education total (% of GDP),SE.XPD.TOTL.GD.ZS,..,6.56049013137817,6.40699005126953,6.43753004074097,6.51203012466431,6.27896022796631,5.95276021957397,5.91965007781982,5.51144981384277,6.28816986083984,7.00039005279541,6.93969011306763,7.15993022918701,6.70155000686646,6.34243011474609,6.32505989074707,6.411789894104,6.25973987579346,6.04850006103516,..,..
Nicaragua,NIC,Government expenditure on education total (% of GDP),SE.XPD.TOTL.GD.ZS,3.00160002708435,..,2.39101004600525,2.42200994491577,..,..,..,..,..,..,4.48422002792358,..,..,..,4.08329010009766,4.07843017578125,4.08114004135132,4.35768985748291,3.56255006790161,3.44283008575439,..
Niger,NER,Government expenditure on education total (% of GDP),SE.XPD.TOTL.GD.ZS,2.5650200843811,2.27981996536255,2.40134000778198,1.93705999851227,..,..,2.55852007865906,3.01462006568909,2.72311997413635,3.33588004112244,2.7219500541687,3.07762002944946,3.1868200302124,3.68952989578247,5.10368013381958,4.48589992523193,2.97095990180969,2.5771598815918,3.44697999954224,3.52316999435425,..
Nigeria,NGA,Government expenditure on education total (% of GDP),SE.XPD.TOTL.GD.ZS,..,..,..,..,..,..,..,..,..,..,..,..,..,..,..,..,..,..,..,..,..
North Macedonia,MKD,Government expenditure on education total (% of GDP),SE.XPD.TOTL.GD.ZS,..,..,3.30014991760254,..,..,..,..,..,..,..,..,..,..,..,..,..,..,..,..,..,..
Northern Mariana Islands,MNP,Government expenditure on education total (% of GDP),SE.XPD.TOTL.GD.ZS,..,..,..,..,..,..,..,..,..,..,..,..,..,..,..,..,..,..,..,..,..
Norway,NOR,Government expenditure on education total (% of GDP),SE.XPD.TOTL.GD.ZS,6.46726989746094,6.83062982559204,7.43729019165039,7.41635990142822,7.2982702255249,6.86506986618042,6.3827600479126,6.53439998626709,6.2852201461792,7.10337018966675,6.74633979797363,6.4545202255249,7.37470006942749,7.48535013198853,7.69504022598267,7.5693302154541,8.03055000305176,7.91198015213013,7.64411020278931,..,..
Oman,OMN,Government expenditure on education total (% of GDP),SE.XPD.TOTL.GD.ZS,3.20023989677429,4.02031993865967,4.32506990432739,3.89699006080627,4.02835988998413,3.51721000671387,3.85933995246887,..,..,4.18773984909058,..,..,..,4.98458003997803,..,..,..,5.84018993377686,5.20723009109497,5.41320991516113,..
Pakistan,PAK,Government expenditure on education total (% of GDP),SE.XPD.TOTL.GD.ZS,1.83782005310059,..,..,..,1.76759004592896,2.04972004890442,2.39550995826721,2.63527011871338,2.74622988700867,2.59078001976013,2.28687000274658,2.22175002098084,2.13628005981445,2.49343991279602,2.46592998504639,2.6500198841095,3.00291991233826,2.89951992034912,..,2.50755000114441,..
Palau,PLW,Government expenditure on education total (% of GDP),SE.XPD.TOTL.GD.ZS,8.01797962188721,7.707200050354,7.5219898223877,..,..,..,..,..,..,..,..,..,..,..,..,..,..,..,..,..,..
Panama,PAN,Government expenditure on education total (% of GDP),SE.XPD.TOTL.GD.ZS,4.75968980789185,4.10587978363037,4.19163990020752,4.16870021820068,3.5786600112915,..,..,..,3.50229001045227,..,..,3.15900993347168,..,3.40000009536743,..,2.83628988265991,2.84608006477356,2.88224005699158,2.8829300403595,3.12736010551453,..
Papua New Guinea,PNG,Government expenditure on education total (% of GDP),SE.XPD.TOTL.GD.ZS,..,..,..,..,..,..,..,..,..,..,..,..,..,..,..,..,..,1.96493005752563,1.8748300075531,..,..
Paraguay,PRY,Government expenditure on education total (% of GDP),SE.XPD.TOTL.GD.ZS,4.2302098274231,3.83357000350952,3.40773010253906,3.3827600479126,2.86989998817444,..,..,2.73951005935669,..,..,2.7707200050354,..,..,4.80932998657227,4.78911018371582,3.33815002441406,..,3.08968997001648,3.28320002555847,3.46971011161804,..
Peru,PER,Government expenditure on education total (% of GDP),SE.XPD.TOTL.GD.ZS,3.22802996635437,3.03712010383606,2.82056999206543,2.93779993057251,2.95787000656128,2.83903002738953,2.65281009674072,2.62940001487732,2.8677499294281,3.13994002342224,2.86730003356934,2.6635000705719,2.92276000976563,3.29729008674622,3.69599008560181,3.96933007240295,3.81316995620728,3.93130993843079,3.71429991722107,3.81996011734009,4.24667978286743
Philippines,PHL,Government expenditure on education total (% of GDP),SE.XPD.TOTL.GD.ZS,3.16440010070801,2.92463994026184,2.89222002029419,2.93517994880676,2.46983003616333,2.32806992530823,2.42579007148743,2.48517990112305,2.58282995223999,2.53777003288269,2.30999994277954,..,..,3.01999998092651,2.78999996185303,3.32999992370605,3.5699999332428,4.40000009536743,3.1331000328064,3.23436999320984,..
Poland,POL,Government expenditure on education total (% of GDP),SE.XPD.TOTL.GD.ZS,4.9839301109314,5.31902980804443,5.38735008239746,5.32449007034302,5.35557985305786,5.42574977874756,5.20765018463135,4.86874008178711,5.04239988327026,4.98976993560791,5.0630202293396,4.82496976852417,4.82954978942871,4.97062015533447,4.93554019927979,4.80993986129761,4.63339996337891,4.5584602355957,4.61579990386963,..,..
Portugal,PRT,Government expenditure on education total (% of GDP),SE.XPD.TOTL.GD.ZS,5.16384983062744,5.33713006973267,5.25871992111206,5.28152990341187,5.04638004302979,5.07394981384277,4.90767002105713,4.92147016525269,4.69609022140503,5.56314992904663,5.41248989105225,5.12333011627197,4.94940996170044,5.2709698677063,5.12400007247925,4.88554000854492,..,5.0156102180481,4.67515993118286,..,..
Puerto Rico,PRI,Government expenditure on education total (% of GDP),SE.XPD.TOTL.GD.ZS,..,..,..,..,..,..,..,..,..,..,..,..,..,6.48108005523682,6.07265996932983,..,..,..,..,..,..
Qatar,QAT,Government expenditure on education total (% of GDP),SE.XPD.TOTL.GD.ZS,3.72598004341125,3.20019006729126,3.84656000137329,3.37393999099731,3.46258997917175,3.97187995910645,..,..,4.22755002975464,3.41315007209778,4.53965997695923,4.01223993301392,3.50744009017944,4.07384014129639,3.60535001754761,..,..,2.96745991706848,..,2.81228995323181,3.19033002853394
Romania,ROU,Government expenditure on education total (% of GDP),SE.XPD.TOTL.GD.ZS,2.86862993240356,3.26628994941711,3.5041298866272,3.54397010803223,3.31273007392883,3.50039005279541,4.30650997161865,4.14953994750977,4.0971999168396,4.00213003158569,3.49360990524292,3.06136989593506,2.96379995346069,3.05173993110657,3.12122011184692,3.10963010787964,2.97989010810852,3.09539008140564,3.34474992752075,..,..
Russian Federation,RUS,Government expenditure on education total (% of GDP),SE.XPD.TOTL.GD.ZS,2.93979001045227,3.10601997375488,3.83502006530762,3.67853999137878,3.54786992073059,3.77192997932434,3.86626005172729,..,4.10174989700317,..,..,..,3.79310011863709,3.76382994651794,4.01387977600098,3.83402991294861,3.76044011116028,4.68990993499756,4.67819976806641,..,..
Rwanda,RWA,Government expenditure on education total (% of GDP),SE.XPD.TOTL.GD.ZS,3.43635988235474,4.82785987854004,..,..,..,..,..,3.98742008209229,3.50408005714417,..,4.63384008407593,4.38598012924194,4.4235200881958,4.7449197769165,4.19878005981445,3.64915990829468,3.4367299079895,3.12646007537842,3.07375001907349,3.35545992851257,3.4072699546814
Samoa,WSM,Government expenditure on education total (% of GDP),SE.XPD.TOTL.GD.ZS,3.58293008804321,3.82628989219666,3.84138989448547,..,..,..,..,..,5.14420986175537,..,..,..,..,..,..,4.8577299118042,4.1622200012207,4.18315982818604,4.53214979171753,4.70625019073486,4.80916023254395
San Marino,SMR,Government expenditure on education total (% of GDP),SE.XPD.TOTL.GD.ZS,..,..,..,..,..,..,..,..,..,..,2.62883996963501,2.70296001434326,..,..,..,..,..,3.36997008323669,3.55516004562378,3.37969994544983,..
Sao Tome and Principe,STP,Government expenditure on education total (% of GDP),SE.XPD.TOTL.GD.ZS,..,..,2.72058010101318,3.24692988395691,3.23470997810364,4.85645008087158,4.27118015289307,6.28682994842529,5.5544900894165,10.6779003143311,9.65147018432617,8.89109992980957,6.33950996398926,5.93969011306763,3.7490599155426,3.86459994316101,5.17303991317749,5.03636980056763,5.23510980606079,5.92154979705811,..
Saudi Arabia,SAU,Government expenditure on education total (% of GDP),SE.XPD.TOTL.GD.ZS,5.90982007980347,7.71887016296387,7.63688993453979,7.10509014129639,6.2774600982666,5.43092012405396,5.89117002487183,..,5.13781023025513,..,..,..,..,..,..,..,..,..,..,..,..
Senegal,SEN,Government expenditure on education total (% of GDP),SE.XPD.TOTL.GD.ZS,2.44968008995056,2.45949006080627,2.58299994468689,2.73821997642517,3.06060004234314,4.0423002243042,3.80786991119385,..,4.02568006515503,4.92073011398315,5.21774005889893,4.90302991867065,4.77698993682861,5.68656015396118,5.72021007537842,5.45637989044189,5.11309003829956,4.62496995925903,4.85822010040283,5.28719997406006,..
Serbia,SRB,Government expenditure on education total (% of GDP),SE.XPD.TOTL.GD.ZS,..,..,..,..,..,..,..,4.20983982086182,4.44199991226196,4.48398017883301,4.32780981063843,4.2383599281311,4.16420984268188,..,3.92698001861572,3.78640007972717,3.63470005989075,3.71016001701355,3.58231997489929,3.61922001838684,..
Seychelles,SYC,Government expenditure on education total (% of GDP),SE.XPD.TOTL.GD.ZS,..,..,5.19332981109619,5.37492990493774,..,..,4.77012014389038,..,..,..,3.548259973526,3.60644006729126,2.61392998695374,3.60812997817993,4.08368015289307,4.22289991378784,4.42102003097534,3.67728996276855,4.49883985519409,3.91458988189697,..
Sierra Leone,SLE,Government expenditure on education total (% of GDP),SE.XPD.TOTL.GD.ZS,4.94936990737915,3.43271994590759,3.54527997970581,3.26061010360718,3.10713005065918,2.7969799041748,..,2.55851006507874,2.41317009925842,2.7781400680542,2.58863997459412,2.66890001296997,2.87204003334045,2.37981009483337,2.66291999816895,3.05729007720947,3.06023001670837,4.63576984405518,6.98963022232056,7.36542987823486,9.26146984100342
Singapore,SGP,Government expenditure on education total (% of GDP),SE.XPD.TOTL.GD.ZS,3.32130002975464,3.54249000549316,3.87853002548218,3.98194003105164,3.65276002883911,3.19596004486084,2.85911989212036,2.9467499256134,2.76460003852844,3.01012992858887,3.08044004440308,3.03077006340027,3.07085990905762,2.85435009002686,2.9243700504303,2.86309003829956,2.8748300075531,2.76826000213623,2.64509010314941,2.63196992874146,2.50665998458862
Sint Maarten (Dutch part),SXM,Government expenditure on education total (% of GDP),SE.XPD.TOTL.GD.ZS,..,..,..,..,..,..,..,..,..,..,..,..,..,..,..,..,..,..,..,..,..
Slovak Republic,SVK,Government expenditure on education total (% of GDP),SE.XPD.TOTL.GD.ZS,3.86468005180359,3.93569993972778,4.24539995193481,4.20956993103027,4.10157012939453,3.75995993614197,3.70770001411438,3.52321004867554,3.52165007591248,4.00641012191772,4.07897996902466,3.92466998100281,3.86286997795105,4.07135009765625,4.22059011459351,4.59899997711182,3.9110701084137,3.94063997268677,3.975830078125,..,..
Slovenia,SVN,Government expenditure on education total (% of GDP),SE.XPD.TOTL.GD.ZS,..,5.7568302154541,5.67286014556885,5.70333003997803,5.64425992965698,5.60408020019531,5.59066009521484,5.11661005020142,5.10951995849609,5.55496978759766,5.54546022415161,5.541259765625,5.62023019790649,5.4057297706604,5.29169988632202,4.90953016281128,4.79266977310181,4.78077983856201,4.93603992462158,..,..
Solomon Islands,SLB,Government expenditure on education total (% of GDP),SE.XPD.TOTL.GD.ZS,..,..,..,..,..,..,..,8.22080039978027,7.65633010864258,7.28849983215332,7.93173980712891,8.12518978118896,8.0870304107666,10.1746997833252,9.8120002746582,10.1349000930786,..,..,..,..,..
Somalia,SOM,Government expenditure on education total (% of GDP),SE.XPD.TOTL.GD.ZS,..,..,..,..,..,..,..,..,..,..,..,..,..,..,..,..,..,..,..,..,..
South Africa,ZAF,Government expenditure on education total (% of GDP),SE.XPD.TOTL.GD.ZS,5.44358015060425,5.15948009490967,5.06621980667114,4.86485004425049,5.06891012191772,5.06319999694824,5.07256984710693,4.97414016723633,4.86600017547607,5.24869012832642,5.72173976898193,5.88102006912231,6.07742023468018,5.86465978622437,5.99946022033691,5.95619010925293,5.94285011291504,6.11305999755859,6.15898990631104,6.50505018234253,6.83613014221191
South Sudan,SSD,Government expenditure on education total (% of GDP),SE.XPD.TOTL.GD.ZS,..,..,..,..,..,..,..,..,..,..,..,0.962890028953552,..,1.02450001239777,1.23246002197266,1.46555995941162,1.54390001296997,..,..,..,..
Spain,ESP,Government expenditure on education total (% of GDP),SE.XPD.TOTL.GD.ZS,4.16604995727539,4.1112699508667,4.13457012176514,4.1734299659729,4.15785980224609,4.14432001113892,4.1848201751709,4.25404977798462,4.52805995941162,4.91200017929077,4.85608005523682,4.8969202041626,4.4693398475647,4.35101985931396,4.30338001251221,4.28657007217407,4.22764015197754,4.20777988433838,4.17816019058228,..,..
Sri Lanka,LKA,Government expenditure on education total (% of GDP),SE.XPD.TOTL.GD.ZS,..,..,..,..,..,..,..,..,..,2.05590009689331,1.71774005889893,1.80860996246338,1.49617004394531,1.62107002735138,1.93288004398346,2.22874999046326,3.44919991493225,2.79924988746643,2.13539004325867,..,..
St. Kitts and Nevis,KNA,Government expenditure on education total (% of GDP),SE.XPD.TOTL.GD.ZS,4.74038982391357,4.42154979705811,3.92051005363464,3.79099011421204,3.9713499546051,3.83144998550415,4.05927991867065,4.1938099861145,..,..,..,..,..,..,..,2.6434600353241,..,..,..,..,..
St. Lucia,LCA,Government expenditure on education total (% of GDP),SE.XPD.TOTL.GD.ZS,..,5.70733022689819,..,3.53449010848999,3.43646001815796,4.23895978927612,4.69669008255005,..,4.48353004455566,3.0676600933075,3.4828999042511,3.58823990821838,3.27298998832703,3.85984992980957,3.88069009780884,3.86772990226746,5.20828008651733,3.63348007202148,3.33179998397827,3.26487994194031,3.56905007362366
St. Martin (French part),MAF,Government expenditure on education total (% of GDP),SE.XPD.TOTL.GD.ZS,..,..,..,..,..,..,..,..,..,..,..,..,..,..,..,..,..,..,..,..,..
St. Vincent and the Grenadines,VCT,Government expenditure on education total (% of GDP),SE.XPD.TOTL.GD.ZS,7.91378021240234,..,7.80195999145508,8.63780975341797,..,6.35080003738403,..,5.67104005813599,..,5.68978023529053,5.08522987365723,..,..,..,..,..,5.73339986801147,5.7319598197937,5.69377994537354,..,..
Sudan,SDN,Government expenditure on education total (% of GDP),SE.XPD.TOTL.GD.ZS,1.01217997074127,..,1.42644000053406,..,1.6298999786377,1.56307005882263,1.96301996707916,..,2.20143008232117,2.21867990493774,..,..,..,..,..,..,..,..,..,..,..
Suriname,SUR,Government expenditure on education total (% of GDP),SE.XPD.TOTL.GD.ZS,..,..,..,..,..,..,..,..,..,..,..,..,..,..,..,5.92650985717773,5.980299949646,6.10751008987427,5.68860006332397,7.23706007003784,..
Sweden,SWE,Government expenditure on education total (% of GDP),SE.XPD.TOTL.GD.ZS,6.740149974823,6.61764001846313,6.92434978485107,6.79142999649048,6.66310977935791,6.5064001083374,6.36429023742676,6.17158985137939,6.34455013275146,6.74971008300781,6.52268981933594,6.36691999435425,7.5369701385498,7.61120986938477,7.57372999191284,7.4439001083374,7.61861991882324,7.56883001327515,7.64084005355835,..,..
Switzerland,CHE,Government expenditure on education total (% of GDP),SE.XPD.TOTL.GD.ZS,4.64836978912354,4.81137990951538,5.16421985626221,5.36935997009277,5.29307985305786,5.05740022659302,4.81757020950317,4.55798006057739,4.73192977905273,4.89041996002197,4.76562976837158,4.815269947052,4.85834980010986,4.8690299987793,4.87779998779297,4.93844985961914,4.92645978927612,4.9515700340271,4.86093997955322,..,..
Syrian Arab Republic,SYR,Government expenditure on education total (% of GDP),SE.XPD.TOTL.GD.ZS,..,4.36048984527588,5.04693984985352,6.48084020614624,5.37147998809814,..,5.34600019454956,4.87197017669678,4.59525012969971,5.13013982772827,..,..,..,..,..,..,..,..,..,..,..
Tajikistan,TJK,Government expenditure on education total (% of GDP),SE.XPD.TOTL.GD.ZS,2.32871007919312,2.37659001350403,2.77578997612,2.42078995704651,2.77203011512756,3.51213002204895,3.40350008010864,3.41326999664307,3.45983004570007,4.0983099937439,4.00675010681152,3.93511009216309,4.01803016662598,..,..,4.96774005889893,5.76367998123169,5.83796977996826,5.55836009979248,5.71290016174316,..
Tanzania,TZA,Government expenditure on education total (% of GDP),SE.XPD.TOTL.GD.ZS,..,..,..,..,3.56122994422913,3.54625010490417,3.00991988182068,4.03342008590698,4.18591022491455,3.96076011657715,4.54169988632202,3.55829000473022,3.4709300994873,3.35795998573303,3.38488006591797,4.19486999511719,4.10197019577026,4.4305100440979,3.69643998146057,3.53498005867004,3.10434007644653
Thailand,THA,Government expenditure on education total (% of GDP),SE.XPD.TOTL.GD.ZS,5.25345993041992,4.81787014007568,3.86491990089417,3.72561001777649,4.03088998794556,3.93859004974365,4.05038022994995,3.60314989089966,3.50850009918213,3.86193990707397,3.5084400177002,4.80555009841919,4.53670978546143,4.12402009963989,3.72356009483337,3.75967001914978,3.63752007484436,3.3557300567627,3.05677008628845,2.96898007392883,..
Timor-Leste,TLS,Government expenditure on education total (% of GDP),SE.XPD.TOTL.GD.ZS,..,..,..,..,..,..,..,..,8.67057037353516,12.9034795761108,11.1076202392578,10.0756998062134,7.24186992645264,5.66715002059937,7.51547002792358,8.44515037536621,8.07843017578125,7.10610008239746,6.83091020584106,..,..
Togo,TGO,Government expenditure on education total (% of GDP),SE.XPD.TOTL.GD.ZS,3.92090010643005,3.76704001426697,3.48744988441467,3.32609009742737,3.10963010787964,3.15978002548218,3.43500995635986,3.51062989234924,3.2853000164032,3.86788010597229,4.09635019302368,4.3092999458313,4.71920013427734,4.42364978790283,4.78455018997192,5.10860013961792,3.68649005889893,3.7605299949646,4.04394006729126,4.96937990188599,..
Tonga,TON,Government expenditure on education total (% of GDP),SE.XPD.TOTL.GD.ZS,4.87807989120483,4.47756004333496,3.79500007629395,4.15951013565063,3.91376996040344,..,..,..,..,..,..,..,..,..,..,..,..,..,6.3729100227356,7.95963001251221,..
Trinidad and Tobago,TTO,Government expenditure on education total (% of GDP),SE.XPD.TOTL.GD.ZS,2.75565004348755,3.06528997421265,3.54300999641418,3.13660001754761,..,..,..,..,..,..,..,4.29602003097534,4.54982995986938,5.11880016326904,5.33194017410278,3.37328004837036,3.97192001342773,3.56126999855042,3.2862401008606,3.56123995780945,..
Tunisia,TUN,Government expenditure on education total (% of GDP),SE.XPD.TOTL.GD.ZS,6.20196008682251,6.20184993743896,5.79006004333496,6.81675004959106,6.72078990936279,6.4515700340271,6.43879985809326,6.46451997756958,6.27157020568848,6.528480052948,6.25480985641479,7.55436992645264,6.25036001205444,6.96745014190674,6.88186979293823,6.59600019454956,7.32434988021851,..,..,..,..
Turkey,TUR,Government expenditure on education total (% of GDP),SE.XPD.TOTL.GD.ZS,2.51688003540039,2.63461995124817,2.72806000709534,2.85131001472473,2.98998999595642,..,2.72806000709534,..,..,..,..,..,..,..,..,..,..,..,4.29460000991821,..,..
Turkmenistan,TKM,Government expenditure on education total (% of GDP),SE.XPD.TOTL.GD.ZS,..,..,..,..,..,..,..,..,..,..,..,..,3.04924988746643,..,..,..,..,..,..,3.12065005302429,..
Turks and Caicos Islands,TCA,Government expenditure on education total (% of GDP),SE.XPD.TOTL.GD.ZS,4.71883010864258,4.84300994873047,5.06913995742798,4.72877979278564,..,2.54099988937378,..,..,..,..,..,..,..,..,..,3.09325003623962,3.06549000740051,2.97728991508484,2.7437698841095,3.48839998245239,..
Tuvalu,TUV,Government expenditure on education total (% of GDP),SE.XPD.TOTL.GD.ZS,..,..,..,..,..,..,..,..,..,..,..,..,..,..,..,..,..,..,..,..,..
Uganda,UGA,Government expenditure on education total (% of GDP),SE.XPD.TOTL.GD.ZS,2.461669921875,..,..,..,4.95237016677856,..,..,..,..,..,1.73485004901886,2.30882000923157,1.80523002147675,1.87920999526978,1.92297995090485,2.33153009414673,2.14710998535156,2.26336002349854,2.13052010536194,2.64981007575989,3.01393008232117
Ukraine,UKR,Government expenditure on education total (% of GDP),SE.XPD.TOTL.GD.ZS,4.16623020172119,4.68506002426147,5.43863010406494,5.60786008834839,5.31350994110107,6.06441020965576,6.21479988098145,6.15720987319946,6.43621015548706,7.31801986694336,7.3970799446106,6.16237020492554,6.69232988357544,6.67165994644165,5.87493991851807,5.74255990982056,5.00977993011475,5.41226005554199,5.31947994232178,5.43965005874634,..
United Arab Emirates,ARE,Government expenditure on education total (% of GDP),SE.XPD.TOTL.GD.ZS,..,..,..,..,..,..,..,..,..,..,..,..,..,..,..,..,..,..,..,3.10269999504089,..
United Kingdom,GBR,Government expenditure on education total (% of GDP),SE.XPD.TOTL.GD.ZS,4.03173017501831,4.11829996109009,4.64337015151978,4.81652021408081,4.74363994598389,4.94915008544922,4.9968900680542,4.92887020111084,4.9051399230957,5.07645988464355,5.69974994659424,5.5809497833252,..,5.53157997131348,5.60456991195679,5.55305004119873,5.41894006729126,5.44418001174927,5.23890018463135,..,..
United States,USA,Government expenditure on education total (% of GDP),SE.XPD.TOTL.GD.ZS,..,..,..,..,..,..,..,..,..,..,..,..,..,..,..,..,..,..,..,..,..
Uruguay,URY,Government expenditure on education total (% of GDP),SE.XPD.TOTL.GD.ZS,2.42254996299744,2.80096006393433,2.32220005989075,2.0682098865509,2.49954009056091,2.71475005149841,2.88025999069214,..,..,..,..,4.35526990890503,..,..,..,..,4.38085985183716,4.48583984375,4.66279983520508,4.68332004547119,..
Uzbekistan,UZB,Government expenditure on education total (% of GDP),SE.XPD.TOTL.GD.ZS,..,..,..,..,..,..,..,..,..,..,..,6.19585990905762,6.39522981643677,6.09001016616821,6.02526998519897,5.78637981414795,5.66772985458374,5.2813401222229,5.90000009536743,7.00186014175415,5.11241006851196
Vanuatu,VUT,Government expenditure on education total (% of GDP),SE.XPD.TOTL.GD.ZS,7.0036301612854,8.95114994049072,8.13197994232178,8.44151020050049,..,..,..,..,5.95150995254517,5.16051006317139,..,..,..,..,5.18195009231567,5.60338020324707,..,4.53353023529053,..,1.78587996959686,2.3125
Venezuela RB,VEN,Government expenditure on education total (% of GDP),SE.XPD.TOTL.GD.ZS,..,..,..,..,..,..,3.66905999183655,3.62732005119324,..,6.87468004226685,..,..,..,..,..,1.93017995357513,1.19023001194,1.34407997131348,..,..,..
Vietnam,VNM,Government expenditure on education total (% of GDP),SE.XPD.TOTL.GD.ZS,..,..,..,..,..,..,..,..,4.88674020767212,4.81650018692017,5.13721990585327,4.81372022628784,5.53328990936279,5.65199995040894,..,4.46576023101807,4.34481000900269,4.08553981781006,4.16744995117188,4.06197023391724,..
Virgin Islands (U.S.),VIR,Government expenditure on education total (% of GDP),SE.XPD.TOTL.GD.ZS,..,..,..,..,..,..,..,..,..,..,..,..,..,..,..,..,..,..,..,..,..
West Bank and Gaza,PSE,Government expenditure on education total (% of GDP),SE.XPD.TOTL.GD.ZS,..,..,..,..,..,..,..,..,..,..,6.19167995452881,5.33527994155884,4.74210977554321,4.89467000961304,..,4.66321992874146,4.98296022415161,4.72153997421265,5.31887006759644,..,..
Yemen Rep.,YEM,Government expenditure on education total (% of GDP),SE.XPD.TOTL.GD.ZS,9.64552021026611,9.23766040802002,..,..,..,..,..,..,5.15143013000488,..,..,..,..,..,..,..,..,..,..,..,..
Zambia,ZMB,Government expenditure on education total (% of GDP),SE.XPD.TOTL.GD.ZS,1.78819000720978,..,..,..,2.46342992782593,1.73553001880646,..,1.24075996875763,1.0997200012207,..,3.70000004768372,3.79999995231628,4.19999980926514,4.30000019073486,5.19999980926514,4.62433004379272,3.74792003631592,3.72964000701904,4.73973989486694,4.46517992019653,..
Zimbabwe,ZWE,Government expenditure on education total (% of GDP),SE.XPD.TOTL.GD.ZS,..,..,..,..,..,..,..,..,..,..,1.54405999183655,..,6.07020998001099,5.99597978591919,6.13835000991821,5.81278991699219,5.47262001037598,5.3810601234436,3.58728003501892,..,..
