Series Name,Series Code,Country Name,Country Code,2000 [YR2000],2001 [YR2001],2002 [YR2002],2003 [YR2003],2004 [YR2004],2005 [YR2005],2006 [YR2006],2007 [YR2007],2008 [YR2008],2009 [YR2009],2010 [YR2010],2011 [YR2011],2012 [YR2012],2013 [YR2013],2014 [YR2014],2015 [YR2015],2016 [YR2016],2017 [YR2017],2018 [YR2018],2019 [YR2019],2020 [YR2020]
Inflation consumer prices (annual %),FP.CPI.TOTL.ZG,Afghanistan,AFG,..,..,..,..,..,12.68626872,6.78459655,8.680570785,26.41866415,-6.811161089,2.178537524,11.80418581,6.441212809,7.385771784,4.673996035,-0.661709165,4.383891955,4.975951506,0.626149149,2.302372515,..
Inflation consumer prices (annual %),FP.CPI.TOTL.ZG,Albania,ALB,0.050018136,3.10758827,7.770525834,0.484002612,2.280019169,2.366581957,2.370728319,2.932682482,3.320870904,2.266922095,3.626046956,3.429123247,2.031592684,1.937620802,1.625865044,3.501208355,-0.36731721,2.060598459,2.028059631,1.41109079,1.620886617
Inflation consumer prices (annual %),FP.CPI.TOTL.ZG,Algeria,DZA,0.339163189,4.225988349,1.418301923,4.268953958,3.961800303,1.382446567,2.311499185,3.678995747,4.858590628,5.737060361,3.911061955,4.524211505,8.891450911,3.25423911,2.916926921,4.784447007,6.397694803,5.59111591,4.269990205,1.951768211,2.415130941
Inflation consumer prices (annual %),FP.CPI.TOTL.ZG,American Samoa,ASM,..,..,..,..,..,..,..,..,..,..,..,..,..,..,..,..,..,..,..,..,..
Inflation consumer prices (annual %),FP.CPI.TOTL.ZG,Andorra,AND,..,..,..,..,..,..,..,..,..,..,..,..,..,..,..,..,..,..,..,..,..
Inflation consumer prices (annual %),FP.CPI.TOTL.ZG,Angola,AGO,324.9968716,152.5610225,108.8974361,98.22414366,43.54210675,22.95351385,13.30521018,12.25149745,12.47582913,13.73028393,14.46965649,13.48246792,10.27790492,8.777814293,7.280387304,9.150372075,30.69531299,29.84358669,19.62860772,17.08121521,..
Inflation consumer prices (annual %),FP.CPI.TOTL.ZG,Antigua and Barbuda,ATG,0.771779797,1.402796636,2.407658013,1.993530552,2.030077579,2.098751967,1.787785374,1.416052594,5.333806398,-0.550159996,3.370025402,3.456749672,3.376880443,1.059497824,1.089441574,0.968993459,-0.489437796,2.43248789,1.207157934,1.431355982,..
Inflation consumer prices (annual %),FP.CPI.TOTL.ZG,Argentina,ARG,..,..,..,..,..,..,..,..,..,..,..,..,..,..,..,..,..,..,..,..,..
Inflation consumer prices (annual %),FP.CPI.TOTL.ZG,Armenia,ARM,-0.790883769,3.145904647,1.060049293,4.721553366,6.961261359,0.638928002,2.892356625,4.407360896,8.949953354,3.406766827,8.176361385,7.650008079,2.558020078,5.789667785,2.981308689,3.731691193,-1.403607559,0.969553269,2.52023382,1.443446608,1.211435778
Inflation consumer prices (annual %),FP.CPI.TOTL.ZG,Aruba,ABW,4.044021312,2.883604303,3.315246786,3.656365079,2.529129469,3.397786778,3.608024388,5.392567845,8.955987052,-2.13542872,2.078140719,4.316297422,0.627471993,-2.372065243,0.421440919,0.474763597,-0.931195987,-1.028281788,3.626041414,4.257462043,..
Inflation consumer prices (annual %),FP.CPI.TOTL.ZG,Australia,AUS,4.457435148,4.407135362,2.981574539,2.732595966,2.343255225,2.691831683,3.555287737,2.327611289,4.35029855,1.771117166,2.918340027,3.303850156,1.762780156,2.449888641,2.487922705,1.508366722,1.276990945,1.948647409,1.911400944,1.610767873,0.846905537
Inflation consumer prices (annual %),FP.CPI.TOTL.ZG,Austria,AUT,2.344862854,2.650000773,1.810357878,1.355553709,2.06120618,2.299137856,1.441548511,2.168555288,3.215950332,0.506308828,1.81353439,3.286579149,2.485675622,2.000156169,1.60581183,0.896563335,0.891591753,2.081269114,1.998379814,1.530895642,1.381910634
Inflation consumer prices (annual %),FP.CPI.TOTL.ZG,Azerbaijan,AZE,1.805003037,1.547195902,2.77116472,2.23386493,6.708930428,9.679507319,8.328924829,16.69975496,20.84908718,1.45704836,5.726872247,7.858333333,1.066213397,2.415717453,1.373441815,4.027685737,12.44337486,12.93591842,2.268546904,2.610571828,2.75980947
Inflation consumer prices (annual %),FP.CPI.TOTL.ZG,Bahamas  The,BHS,1.606329417,2.044989775,2.173577925,3.025045263,0.981914037,1.591606181,2.389826274,2.492577949,4.489559954,2.062734735,1.344027384,3.198781417,1.97336756,1.034670351,-7.224542729,11.11111111,-0.330038396,1.499926233,2.267515101,2.491235274,0.038521098
Inflation consumer prices (annual %),FP.CPI.TOTL.ZG,Bahrain,BHR,-0.704852953,-1.207571802,-0.495540139,1.593625498,2.352941176,2.586206897,2.007469655,3.256666667,3.526003164,2.795512836,1.961884683,-0.400040697,2.7573967,3.300011569,2.647553212,1.848627424,2.786793476,1.386718306,2.08766938,1.005820047,-2.317706293
Inflation consumer prices (annual %),FP.CPI.TOTL.ZG,Bangladesh,BGD,2.208256209,2.007173742,3.332564933,5.668707734,7.587536385,7.046618162,6.765261171,9.106984969,8.901944895,5.423472362,8.126676392,11.39516516,6.217504221,7.530406409,6.991638892,6.19428023,5.513525727,5.702070157,5.543621395,5.591996399,5.691074747
Inflation consumer prices (annual %),FP.CPI.TOTL.ZG,Barbados,BRB,2.435813035,2.577834904,0.125249458,1.619433198,1.394422311,6.082187295,7.307662628,4.034229829,8.108108108,3.643861893,5.824218533,9.432202402,4.533347539,1.81410436,1.769503221,-1.112789925,1.281928131,4.66018464,3.673814104,4.100289645,..
Inflation consumer prices (annual %),FP.CPI.TOTL.ZG,Belarus,BLR,168.6202359,61.13493316,42.53754813,28.39783991,18.10824249,10.33887945,6.997129035,8.426752735,14.83787648,12.94565634,7.735748043,53.22869831,59.21973602,18.31226104,18.11955435,13.53448976,11.83658077,6.031837252,4.872302206,5.59815595,5.548143575
Inflation consumer prices (annual %),FP.CPI.TOTL.ZG,Belgium,BEL,2.544517762,2.469258231,1.645214362,1.588964,2.097283112,2.781432637,1.791207701,1.8230563,4.489444205,-0.053145674,2.189299204,3.532082107,2.839663434,1.11309594,0.340002833,0.561429153,1.973852647,2.12597086,2.053164999,1.43681957,0.740791812
Inflation consumer prices (annual %),FP.CPI.TOTL.ZG,Belize,BLZ,..,..,..,..,..,..,..,..,..,..,..,..,..,..,..,..,..,..,..,..,..
Inflation consumer prices (annual %),FP.CPI.TOTL.ZG,Benin,BEN,4.165404423,3.984295478,2.489162355,1.487242461,0.873890831,5.364520858,3.782176965,1.298068133,7.947298761,0.896072356,2.207835325,2.704239077,6.744682533,0.428888889,-0.548757551,0.218785924,-0.794050174,1.769412474,0.644803622,-0.705026635,3.022721197
Inflation consumer prices (annual %),FP.CPI.TOTL.ZG,Bermuda,BMU,..,..,..,..,..,..,..,..,..,..,..,..,..,..,..,..,..,..,..,..,..
Inflation consumer prices (annual %),FP.CPI.TOTL.ZG,Bhutan,BTN,4.01099373,3.410404624,2.483430488,1.566152408,-18.10863013,5.311513063,5.00045438,5.156111388,8.327160494,4.361122191,7.036383161,8.848985699,10.91965694,7.006666667,8.271060939,4.548143951,3.219886894,4.95508367,2.723963862,2.725821043,5.62999178
Inflation consumer prices (annual %),FP.CPI.TOTL.ZG,Bolivia,BOL,4.608229989,1.589653779,0.928258852,3.337274997,4.437380801,5.393231069,4.282396048,8.705609236,14.00681077,3.346454201,2.503276058,9.884464198,4.515602914,5.736400237,5.766600746,4.059610411,3.623214318,2.822758055,2.272059872,1.83954505,0.940742153
Inflation consumer prices (annual %),FP.CPI.TOTL.ZG,Bosnia and Herzegovina,BIH,..,..,..,..,..,..,6.125566156,1.500777106,7.427043103,-0.381464282,1.996212367,3.67125,2.05267452,-0.093045684,-0.897194054,-1.036023034,-1.5841,0.810133322,1.41710814,0.562782154,-1.051296008
Inflation consumer prices (annual %),FP.CPI.TOTL.ZG,Botswana,BWA,8.601485149,6.55903767,8.032796625,9.189902656,6.945703637,8.610225285,11.55521879,7.080998472,12.70218839,8.027297031,6.948876587,8.459872334,7.536902611,5.884607071,4.402253092,3.062031696,2.814957914,3.308280768,3.238015589,2.772864429,1.890359168
Inflation consumer prices (annual %),FP.CPI.TOTL.ZG,Brazil,BRA,7.044141059,6.840359025,8.450164377,14.71491972,6.5971851,6.869537209,4.183568129,3.641272991,5.678593903,4.888034799,5.038726901,6.636449622,5.40349914,6.204310666,6.329040155,9.029901024,8.739143523,3.44637335,3.664850284,3.732976212,3.211768038
Inflation consumer prices (annual %),FP.CPI.TOTL.ZG,British Virgin Islands,VGB,..,..,..,..,..,..,..,..,..,..,..,..,..,..,..,..,..,..,..,..,..
Inflation consumer prices (annual %),FP.CPI.TOTL.ZG,Brunei Darussalam,BRN,1.558152476,0.595890411,-2.314972425,0.3,0.814223995,1.244437119,0.159888078,0.96777412,2.084980237,1.035717743,0.356869132,0.137911563,0.111766261,0.389205053,-0.207108732,-0.488347421,-0.278693266,-1.260505646,1.025051793,-0.390522069,1.940319966
Inflation consumer prices (annual %),FP.CPI.TOTL.ZG,Bulgaria,BGR,10.31626213,7.360939272,5.810143657,2.348641696,6.147130742,5.038838071,7.261594628,8.40253419,12.3487196,2.753202239,2.438990605,4.219903466,2.954568298,0.890093541,-1.418183803,-0.104633261,-0.798649886,2.061596194,2.814544738,3.103729448,1.672440969
Inflation consumer prices (annual %),FP.CPI.TOTL.ZG,Burkina Faso,BFA,-0.304212168,5.007432908,2.175694807,2.034565741,-0.400228702,6.415040184,2.333108564,-0.230627306,10.6597979,2.608176664,-0.764230735,2.759767249,3.818152403,0.533738507,-0.258089518,0.724838981,0.441041448,1.482998972,1.955943027,-3.23338934,1.884439938
Inflation consumer prices (annual %),FP.CPI.TOTL.ZG,Burundi,BDI,24.43202421,9.296187713,-1.365680053,10.64746457,8.176429375,13.25206992,2.745420002,8.412062858,24.40695104,10.55543553,6.493265915,9.59216606,18.16104531,7.937958075,4.405352342,5.544688913,5.557689614,16.0525353,-2.814698077,-0.686772171,7.321106434
Inflation consumer prices (annual %),FP.CPI.TOTL.ZG,Cabo Verde,CPV,-2.477456685,3.349964723,1.884534101,1.188170386,-1.890821723,0.418891613,5.369076871,4.410997042,6.774435464,0.991103481,2.078664709,4.473883422,2.540396442,1.506542857,-0.238778145,0.131187999,-1.407816371,0.784415251,1.256151859,1.107509306,0.605795758
Inflation consumer prices (annual %),FP.CPI.TOTL.ZG,Cambodia,KHM,-0.791992529,-0.6006483,0.211466568,0.941746118,4.319336774,6.61525912,5.810685505,8.708827706,24.09685193,-1.241717542,3.996395281,5.478447496,2.934316093,2.941625095,3.855688614,1.223931955,3.019139751,2.912635574,2.459085154,1.942575008,2.940295143
Inflation consumer prices (annual %),FP.CPI.TOTL.ZG,Cameroon,CMR,1.22719013,4.419772459,2.834422601,0.623163557,0.23364738,2.013539502,5.11757816,0.921402246,5.337806276,3.043618479,1.275380462,2.939699463,2.742534075,2.05908684,1.834130781,2.685982772,0.861740258,0.642673522,1.074299452,2.452802141,2.437608822
Inflation consumer prices (annual %),FP.CPI.TOTL.ZG,Canada,CAN,2.719439957,2.52512014,2.258394409,2.758563214,1.857258719,2.213552034,2.002025395,2.138383993,2.370270674,0.299466803,1.776871541,2.912135089,1.515678231,0.938291898,1.906635907,1.125241361,1.428759547,1.596884129,2.268225672,1.949269024,0.716999632
Inflation consumer prices (annual %),FP.CPI.TOTL.ZG,Cayman Islands,CYM,..,..,..,..,..,..,..,..,..,..,0.276140862,1.325435758,1.188948452,2.160611468,1.273979115,-2.347527702,-0.625258359,..,..,..,..
Inflation consumer prices (annual %),FP.CPI.TOTL.ZG,Central African Republic,CAF,3.203400916,3.834860602,2.331817035,4.134709052,-2.066406011,2.883520734,6.695264658,0.959917619,9.258950994,3.521262272,1.4910237,1.194475724,5.478295943,6.98879342,14.89868418,1.402970171,4.945432761,4.180723319,1.61215687,2.685373553,2.303683789
Inflation consumer prices (annual %),FP.CPI.TOTL.ZG,Chad,TCD,3.822600881,12.43128653,5.191818952,-1.752569412,-5.355400289,7.890365675,8.03628898,-8.97473962,10.29697582,9.952422907,-2.077865746,2.029240537,7.516623647,0.222671565,1.681973139,4.377126651,-0.792440525,-1.53709963,4.274621986,-0.971939175,..
Inflation consumer prices (annual %),FP.CPI.TOTL.ZG,Channel Islands,CHI,..,..,..,..,..,..,..,..,..,..,..,..,..,..,..,..,..,..,..,..,..
Inflation consumer prices (annual %),FP.CPI.TOTL.ZG,Chile,CHL,3.843272957,3.56910053,2.489398167,2.810178757,1.054738714,3.052576214,3.392017337,4.407799384,8.71626873,0.353045178,1.41071108,3.341216943,3.007448402,1.78955554,4.718675279,4.348773532,3.786193559,2.182718469,2.434889814,2.557544757,3.045490848
Inflation consumer prices (annual %),FP.CPI.TOTL.ZG,China,CHN,0.347811227,0.719125609,-0.731970902,1.127603487,3.824637431,1.776414077,1.649430995,4.816767674,5.92525137,-0.728165251,3.175324753,5.553898923,2.619524326,2.621050017,1.921641628,1.437023809,2.000001822,1.593136001,2.0747904,2.899234164,2.419421895
Inflation consumer prices (annual %),FP.CPI.TOTL.ZG,Colombia,COL,9.222570802,7.969702931,6.351925074,7.130741686,5.901261815,5.051420287,4.292450118,5.545141282,6.998550403,4.201044769,2.271183264,3.417589591,3.167325603,2.018098479,2.897818744,4.990234275,7.514293228,4.312141032,3.240234138,3.525492736,2.524620535
Inflation consumer prices (annual %),FP.CPI.TOTL.ZG,Comoros,COM,..,5.554593948,3.533042143,3.799081367,4.474992891,3.013323951,3.374363601,4.466167101,1.700781763,4.362348293,3.354757703,1.842663008,6.314744503,-4.294873315,..,..,..,..,..,..,..
Inflation consumer prices (annual %),FP.CPI.TOTL.ZG,Congo  Dem. Rep.,COD,513.9068437,359.9366143,31.5225826,12.87396572,3.994384008,21.31681672,13.05269497,16.94510065,17.30138457,2.8,7.1,15.31651591,9.721828063,0.808223101,1.243038898,0.744198995,2.885851073,..,..,..,..
Inflation consumer prices (annual %),FP.CPI.TOTL.ZG,Congo  Rep.,COG,-0.881991517,0.055989922,4.378759718,-0.631844987,2.42976608,3.094490115,6.537843953,2.654646451,4.95875092,4.415003748,0.391525011,1.759587043,5.010187731,4.631616197,0.912139545,3.169097968,3.190561797,0.450063823,1.152778964,2.206073058,1.817654969
Inflation consumer prices (annual %),FP.CPI.TOTL.ZG,Costa Rica,CRI,10.96154966,11.25561571,9.167520485,9.447580916,12.31481502,13.79829491,11.47059681,9.357244564,13.42446355,7.842701677,5.662757084,4.87799831,4.495453144,5.231336142,4.519200985,0.801982005,-0.017478851,1.62590693,2.221114615,2.096046353,0.724911478
Inflation consumer prices (annual %),FP.CPI.TOTL.ZG,Cote d'Ivoire,CIV,2.530775167,4.36152914,3.077264852,3.29680747,1.457988356,3.885830399,2.467191486,1.892006293,6.308527692,1.019504577,1.226456121,4.912433951,1.304511199,2.581170373,0.448682077,1.251499548,0.723178458,0.685881065,0.359409031,-1.10686344,2.425006568
Inflation consumer prices (annual %),FP.CPI.TOTL.ZG,Croatia,HRV,4.611315547,3.776702467,1.671784374,1.767337808,2.055396791,3.317178244,3.189825915,2.899282756,6.076968388,2.378528459,1.030555053,2.272727273,3.412073491,2.216582064,-0.21519616,-0.464499005,-1.125,1.129372103,1.50012501,0.771820346,0.154811375
Inflation consumer prices (annual %),FP.CPI.TOTL.ZG,Cuba,CUB,..,..,..,..,..,..,..,..,..,..,..,..,..,..,..,..,..,..,..,..,..
Inflation consumer prices (annual %),FP.CPI.TOTL.ZG,Curacao,CUW,..,1.792828685,0.391389432,1.633713914,1.379121381,4.117117117,3.114995241,2.995720399,6.876323937,1.753316054,2.779442613,2.332531526,3.183987463,1.332320862,1.498739696,-0.47654205,-0.047207985,1.585588017,2.583687566,2.622207834,..
Inflation consumer prices (annual %),FP.CPI.TOTL.ZG,Cyprus,CYP,4.141657647,1.973041917,2.801155052,4.139065387,2.286217068,2.560161323,2.30468733,2.372651837,4.669008419,0.326276652,2.430040841,3.289449396,2.3890541,-0.399357676,-1.354988854,-2.096997691,-1.429166667,0.531766496,1.435491195,0.250370997,-0.638422798
Inflation consumer prices (annual %),FP.CPI.TOTL.ZG,Czech Republic,CZE,3.775388292,4.66267557,1.90298097,0.118739206,2.760107817,1.857097891,2.533992583,2.853124372,6.358663802,1.019377353,1.472727273,1.917219136,3.287623066,1.438297872,0.34398859,0.309364548,0.683504209,2.450533985,2.149494949,2.847875959,3.161295285
Inflation consumer prices (annual %),FP.CPI.TOTL.ZG,Denmark,DNK,2.903282032,2.337870003,2.424436612,2.075078206,1.154356931,1.817814583,1.924221385,1.693265862,3.416267943,1.30470991,2.31092437,2.758682261,2.397914857,0.78907178,0.56402054,0.452034154,0.25,1.14713217,0.813609467,0.758131573,0.420711974
Inflation consumer prices (annual %),FP.CPI.TOTL.ZG,Djibouti,DJI,..,1.74665225,0.637619554,1.981967346,3.122262047,3.104966401,3.483406997,4.965976546,11.95862069,1.675495873,3.950078759,5.068713948,3.731209508,2.706032429,1.341864943,-0.847389734,2.738412087,0.568112117,0.14797085,3.319253727,1.777407838
Inflation consumer prices (annual %),FP.CPI.TOTL.ZG,Dominica,DMA,0.856946805,1.303894035,0.17005533,1.453368004,2.394109821,1.681900799,2.202391326,3.632221293,6.359921833,0.006263571,2.999366305,1.131231365,1.356771478,-0.046411647,0.799250373,-0.843826985,0.141816226,0.296252889,0.989191119,1.504623539,..
Inflation consumer prices (annual %),FP.CPI.TOTL.ZG,Dominican Republic,DOM,7.724135662,8.883068488,5.223367698,27.44971274,51.46085983,4.190202605,7.572805239,6.143566552,10.6446211,1.442151318,6.329932201,5.796768092,3.694497079,4.830950967,2.998642261,0.836746347,1.614166072,3.279556947,3.56443426,1.81060377,3.781031799
Inflation consumer prices (annual %),FP.CPI.TOTL.ZG,Ecuador,ECU,96.09411369,37.67802094,12.48401857,7.929410005,2.742181329,2.407769783,3.298748463,2.27618478,8.40009594,5.159968292,3.554377346,4.474532658,5.10172181,2.721775777,3.589220166,3.966646233,1.728264633,0.417335589,-0.224103246,0.266012515,-0.338872393
Inflation consumer prices (annual %),FP.CPI.TOTL.ZG,Egypt  Arab Rep.,EGY,2.683805353,2.269757205,2.73723855,4.507776363,11.27061933,4.869396969,7.644526445,9.318969058,18.31683168,11.76349544,11.26518827,10.06492599,7.111729433,9.469719811,10.07021547,10.37049034,13.81360621,29.50660839,14.40146578,9.152799593,5.04493289
Inflation consumer prices (annual %),FP.CPI.TOTL.ZG,El Salvador,SLV,2.271287568,3.750820575,1.865525036,2.120390917,4.451943924,4.690948709,4.037123594,4.578085724,6.707922935,1.055950297,1.179335769,5.128923767,1.729734816,0.757669185,1.141344675,-0.731384487,0.604049087,1.012354033,1.090330006,0.075324135,-0.371590212
Inflation consumer prices (annual %),FP.CPI.TOTL.ZG,Equatorial Guinea,GNQ,4.802288869,8.825389259,7.592478498,7.323543994,4.219687871,5.631633514,4.415899842,2.803738318,6.551766912,4.691065677,7.78916548,4.805389222,3.656620483,2.948876946,4.309998661,1.676630853,1.411939155,0.745599218,1.349884388,1.238698602,4.769704981
Inflation consumer prices (annual %),FP.CPI.TOTL.ZG,Eritrea,ERI,..,..,..,..,..,..,..,..,..,..,..,..,..,..,..,..,..,..,..,..,..
Inflation consumer prices (annual %),FP.CPI.TOTL.ZG,Estonia,EST,4.018489525,5.748279817,3.571912702,1.334991165,3.048111075,4.079714232,4.437620424,6.601326031,10.36235803,-0.078408311,2.97204512,4.981901315,3.933399873,2.78056659,-0.106175147,-0.492326007,0.148684908,3.417235495,3.436326884,2.277259312,-0.444531098
Inflation consumer prices (annual %),FP.CPI.TOTL.ZG,Ethiopia,ETH,0.662458109,-8.237844534,1.653729328,17.7622842,3.256272907,12.94487921,12.31,17.23800196,44.39128123,8.468335788,8.136941131,32.01478882,23.37858236,7.464021929,6.890019516,9.56889956,6.628133372,10.68172955,13.83076218,15.84032204,..
Inflation consumer prices (annual %),FP.CPI.TOTL.ZG,Faroe Islands,FRO,..,..,..,..,..,..,..,..,..,..,..,..,..,..,..,..,..,..,..,..,..
Inflation consumer prices (annual %),FP.CPI.TOTL.ZG,Fiji,FJI,1.0921646,4.272670245,0.762032086,4.172747778,2.827485194,2.365764538,2.490836388,4.803706413,7.732278579,3.13103559,3.689012297,7.278117827,3.423375234,2.913541936,0.519306475,1.374885426,3.863225382,3.347578348,4.081476376,1.773101825,-2.595243259
Inflation consumer prices (annual %),FP.CPI.TOTL.ZG,Finland,FIN,3.042100807,2.578440801,1.571220128,0.877440386,0.187120559,0.62387445,1.566663807,2.510665652,4.065953554,-9.17E-07,1.184135232,3.416807543,2.808336226,1.478286157,1.041196212,-0.20792884,0.356684501,0.754015047,1.083820984,1.02409393,0.290554556
Inflation consumer prices (annual %),FP.CPI.TOTL.ZG,France,FRA,1.675959887,1.634780795,1.923412287,2.098472191,2.142089646,1.745869364,1.675124496,1.48799806,2.812861949,0.087620478,1.531122704,2.111597952,1.954195316,0.863715498,0.507758823,0.037514381,0.183334861,1.032282751,1.850815083,1.108254923,0.476498853
Inflation consumer prices (annual %),FP.CPI.TOTL.ZG,French Polynesia,PYF,..,..,..,..,..,..,..,..,..,..,..,..,..,..,..,..,..,..,..,..,..
Inflation consumer prices (annual %),FP.CPI.TOTL.ZG,Gabon,GAB,0.504920026,2.137620527,0.036682889,2.235353136,0.408205307,3.708333333,-1.409401366,5.030318837,5.264301456,1.885707546,1.461544027,1.263317078,2.652418287,0.505441059,4.690457518,-0.338795189,2.106707128,2.651925831,4.749066521,2.464567562,1.17681176
Inflation consumer prices (annual %),FP.CPI.TOTL.ZG,Gambia  The,GMB,0.844969567,4.492596092,8.609124744,17.03286654,14.20674328,4.838621775,2.056503424,5.369134738,4.443654909,4.561506877,5.049680759,4.795882662,4.254321998,5.699129896,5.947999357,6.808454946,7.228792721,8.034189745,6.520968239,7.115676256,5.931276366
Inflation consumer prices (annual %),FP.CPI.TOTL.ZG,Georgia,GEO,4.063962014,4.646044421,5.5878373,0.837734532,5.656326362,8.247090431,9.160965084,9.244897456,9.999487616,1.727514611,7.110178975,8.542933333,-0.943658853,-0.512058411,3.068812104,4.003578207,2.134927139,6.035317253,2.615244714,4.852898217,5.20246489
Inflation consumer prices (annual %),FP.CPI.TOTL.ZG,Germany,DEU,1.440268187,1.983856936,1.420805605,1.034227766,1.665733409,1.546909652,1.577428259,2.298341797,2.628381749,0.31273763,1.103809161,2.075174525,2.008490922,1.50472098,0.906797949,0.51442054,0.491748625,1.509496558,1.732167661,1.445667015,0.50668989
Inflation consumer prices (annual %),FP.CPI.TOTL.ZG,Ghana,GHA,40.24093312,41.50949629,9.360932396,29.77297972,18.04273882,15.43899202,11.67918394,10.73426655,16.49463961,19.24694822,10.73338984,8.728459371,11.18634094,11.66619231,15.48961603,17.1499695,17.45463471,12.37192155,7.808765166,7.143640033,9.887289563
Inflation consumer prices (annual %),FP.CPI.TOTL.ZG,Gibraltar,GIB,..,..,..,..,..,..,..,..,..,..,..,..,..,..,..,..,..,..,..,..,..
Inflation consumer prices (annual %),FP.CPI.TOTL.ZG,Greece,GRC,3.15118063,3.37396699,3.629358946,3.530651885,2.898848959,3.54507354,3.19594393,2.895001475,4.152797447,1.210084518,4.712972862,3.329864062,1.501527961,-0.922168807,-1.311210501,-1.736036796,-0.825651782,1.121235477,0.625629147,0.252978044,-1.247951877
Inflation consumer prices (annual %),FP.CPI.TOTL.ZG,Greenland,GRL,..,..,..,..,..,..,..,..,..,..,..,..,..,..,..,..,..,..,..,..,..
Inflation consumer prices (annual %),FP.CPI.TOTL.ZG,Grenada,GRD,2.181818182,3.140993052,1.06721548,2.154928099,2.312916782,3.475806938,4.25195322,3.858829225,8.033273277,-0.30865478,3.436509059,3.033472803,2.41077704,-0.043999786,-0.983603056,-0.515448031,1.650389944,0.908458256,0.804102313,0.598149765,..
Inflation consumer prices (annual %),FP.CPI.TOTL.ZG,Guam,GUM,..,..,..,..,..,..,..,..,..,..,..,..,..,..,..,..,..,..,..,..,..
Inflation consumer prices (annual %),FP.CPI.TOTL.ZG,Guatemala,GTM,5.977577347,7.285873666,8.132630543,5.603476754,7.578622473,9.108649857,6.560852828,6.821617536,11.35576113,1.859102547,3.859509098,6.214123931,3.781807547,4.343371313,3.418361697,2.388720328,4.448441999,4.424536552,3.751861867,3.69998398,3.214440622
Inflation consumer prices (annual %),FP.CPI.TOTL.ZG,Guinea,GIN,..,..,..,..,..,31.37330259,34.6952706,18.17556561,23.06561294,4.68438869,15.46198107,21.35046642,15.22510139,11.88789561,7.07202121,10.82068212,8.172116963,8.91452597,9.826001808,9.470779373,10.60186
Inflation consumer prices (annual %),FP.CPI.TOTL.ZG,Guinea-Bissau,GNB,8.636320949,3.348122655,3.300121753,-3.502585511,0.883302697,3.329199228,1.954737176,4.617437722,10.46007314,-1.651397336,2.517851402,5.046102263,2.130545803,1.207125557,-1.509244606,1.476720489,1.503120559,1.691114618,0.381324703,0.246600268,..
Inflation consumer prices (annual %),FP.CPI.TOTL.ZG,Guyana,GUY,6.14854333,2.627413142,5.341015214,5.980978141,4.668466224,6.925543039,6.677157904,12.20015444,8.10202207,2.952300964,3.733377577,4.977735637,2.391935213,1.901251819,0.852630498,-1.001734328,0.836008062,1.904656155,1.282842884,2.087230892,..
Inflation consumer prices (annual %),FP.CPI.TOTL.ZG,Haiti,HTI,9.333221976,13.31672224,7.032874062,28.69957779,21.03183393,13.97300833,11.34521522,6.557227726,15.28177448,0.39388604,4.827341901,6.332794838,5.018041554,4.765024048,3.4381666,6.731840697,11.50290739,10.68008872,12.48141112,18.70378257,22.79631136
Inflation consumer prices (annual %),FP.CPI.TOTL.ZG,Honduras,HND,11.04803493,9.674155569,7.69050972,7.674166394,8.113790971,8.809060748,5.577752077,6.936214709,11.40342708,5.496342738,4.69889065,6.762279573,5.196186155,5.161898986,6.129249303,3.15783118,2.724612233,3.934360844,4.347349378,4.365871598,3.46841178
Inflation consumer prices (annual %),FP.CPI.TOTL.ZG,Hong Kong SAR  China,HKG,-3.685503686,-1.658163265,-2.983138781,-2.673796791,-0.274725275,0.826446281,2.000251604,2.035027134,4.303154841,0.579441418,2.292890886,5.30524893,4.053909509,4.337993421,4.42364532,2.990848193,2.409307439,1.493872439,2.40613432,2.883208538,0.250962021
Inflation consumer prices (annual %),FP.CPI.TOTL.ZG,Hungary,HUN,9.803610169,9.116809117,5.265448216,4.661016949,6.744346796,3.561517114,3.930326038,7.958745165,6.042512539,4.211711712,4.855557957,3.929920989,5.652145171,1.73319985,-0.227566271,-0.06164468,0.394769307,2.348242812,2.850247926,3.338586354,3.326743858
Inflation consumer prices (annual %),FP.CPI.TOTL.ZG,Iceland,ISL,5.136471232,6.405085504,5.197022302,2.055663298,3.158193243,3.987047828,6.687079061,5.051557365,12.69439428,12.00312985,5.396731132,4.001026643,5.185899888,3.872279237,2.044614815,1.633055582,1.69692762,1.760415592,2.682917683,3.013971792,2.847924015
Inflation consumer prices (annual %),FP.CPI.TOTL.ZG,India,IND,4.00943591,3.779293122,4.297152039,3.805858995,3.767251735,4.24634362,5.796523376,6.372881356,8.349267049,10.88235294,11.98938992,8.858360966,9.312445605,11.06367478,6.649500151,4.906973441,4.948216341,3.328173375,3.945068664,3.723276483,6.623436776
Inflation consumer prices (annual %),FP.CPI.TOTL.ZG,Indonesia,IDN,3.68861916,11.50011488,11.90011757,6.757317194,6.064059885,10.45319842,13.1086721,6.406562813,10.22666455,4.38641555,5.134204008,5.35604779,4.279499996,6.412513302,6.394925408,6.363121131,3.525805157,3.80879807,3.198346416,3.03058665,1.920968006
Inflation consumer prices (annual %),FP.CPI.TOTL.ZG,Iran  Islamic Rep.,IRN,14.47675132,11.27424713,14.33593374,16.46801162,14.7615087,13.43311801,10.01589825,17.34104046,25.41050903,13.55155483,10.08936293,26.29338567,27.25681272,36.60303552,16.60655324,12.48468156,7.24542549,8.044924377,18.01411834,39.90734557,..
Inflation consumer prices (annual %),FP.CPI.TOTL.ZG,Iraq,IRQ,4.978962132,16.3740815,19.3166946,33.6162106,26.96190682,36.95948092,53.23096291,-10.06749258,12.66285283,6.873615472,2.877747253,5.801455371,6.089096416,1.879498007,2.235974079,1.393330288,0.556521397,0.184058899,0.367441489,-0.19896538,0.574162679
Inflation consumer prices (annual %),FP.CPI.TOTL.ZG,Ireland,IRL,5.5907173,4.872904873,4.614733277,3.49048968,2.199628507,2.429691984,3.931639895,4.897115644,4.060304951,-4.478103392,-0.922095829,2.557188832,1.696208973,0.508714869,0.182542317,-0.289879079,0.008306338,0.340531561,0.488370168,0.939044481,-0.334584625
Inflation consumer prices (annual %),FP.CPI.TOTL.ZG,Isle of Man,IMN,..,..,..,..,..,..,..,..,..,..,..,..,..,..,..,..,..,..,..,..,..
Inflation consumer prices (annual %),FP.CPI.TOTL.ZG,Israel,ISR,1.053575432,1.15350488,5.756578947,0.725764645,-0.411734431,1.312661499,2.060803918,0.459816074,4.55721393,3.340312143,2.716640575,3.478572709,1.689481892,1.576211979,0.486495554,-0.634390651,-0.546034946,0.244953121,0.817323896,0.844128709,-0.5884303
Inflation consumer prices (annual %),FP.CPI.TOTL.ZG,Italy,ITA,2.537685321,2.785165427,2.465323192,2.672555528,2.206736614,1.985292985,2.09084391,1.829741122,3.347832584,0.774768131,1.525516021,2.780632729,3.041363332,1.219993423,0.24104743,0.0387904,-0.094016657,1.226533166,1.137487636,0.611246944,-0.137707574
Inflation consumer prices (annual %),FP.CPI.TOTL.ZG,Jamaica,JAM,8.171083561,6.801909308,7.076350093,10.08695652,13.55450237,15.05286589,8.561064087,9.244820673,22.0228385,9.592245989,12.610552,7.555856466,6.873977087,9.341500766,8.274078862,3.691542289,2.351021975,4.37839865,3.736638822,3.905100009,5.226777793
Inflation consumer prices (annual %),FP.CPI.TOTL.ZG,Japan,JPN,-0.689009867,-0.69379015,-0.897015698,-0.261096606,-0.008726003,-0.287983245,0.253807107,0.043649062,1.378708551,-1.334136684,-0.741516183,-0.272455616,-0.04406451,0.335037912,2.759226714,0.795279631,-0.127258844,0.484199796,0.989094598,0.468776159,-0.024995834
Inflation consumer prices (annual %),FP.CPI.TOTL.ZG,Jordan,JOR,0.666880926,1.772204374,1.83299389,1.63,3.361868215,3.493685346,6.251724667,4.74390639,13.971231,-0.739069743,4.845518759,4.162441629,4.515229567,4.824623143,2.89947905,-0.87685136,-0.778430463,3.323894476,4.462311085,0.761514047,0.333294351
Inflation consumer prices (annual %),FP.CPI.TOTL.ZG,Kazakhstan,KAZ,13.18089059,8.354137772,5.836924521,6.438218101,6.88205439,7.579999291,8.721693861,10.84683621,17.13989978,7.316078583,7.400463567,8.424887619,5.09791485,5.846409173,6.706578291,6.665776115,14.54602379,7.440004373,6.019130966,5.245476796,6.749001838
Inflation consumer prices (annual %),FP.CPI.TOTL.ZG,Kenya,KEN,9.980025154,5.738598143,1.961308217,9.81569063,11.62403554,10.31277836,14.45373421,9.75888023,26.23981664,9.234125924,3.961388891,14.02249396,9.377767482,5.71749357,6.878154993,6.582174403,6.297157525,8.005722791,4.689819761,5.235859994,5.404814672
Inflation consumer prices (annual %),FP.CPI.TOTL.ZG,Kiribati,KIR,..,..,..,..,..,..,..,3.592521313,13.66539953,9.816438845,-3.899550407,1.497409799,-3.045862928,-1.488059085,2.103985209,0.572015744,1.917310902,0.355520889,0.564030491,-1.881100224,..
Inflation consumer prices (annual %),FP.CPI.TOTL.ZG,Korea  Dem. People's Rep.,PRK,..,..,..,..,..,..,..,..,..,..,..,..,..,..,..,..,..,..,..,..,..
Inflation consumer prices (annual %),FP.CPI.TOTL.ZG,Korea  Rep.,KOR,2.259184779,4.066419648,2.762511352,3.514879242,3.590591391,2.754090201,2.241847104,2.534846871,4.673795957,2.756686477,2.939181359,4.02584625,2.187221208,1.301377058,1.274714702,0.70620817,0.971674764,1.944455907,1.475862404,0.382946132,0.537258393
Inflation consumer prices (annual %),FP.CPI.TOTL.ZG,Kosovo,XKX,..,..,..,-1.084812623,-1.064726966,-1.385189132,0.621646939,4.358496953,9.350417647,-2.410264017,3.480507637,7.336417713,2.476737822,1.767324284,0.428957808,-0.536929393,0.273169431,1.488234306,1.053797737,2.675992026,0.198227923
Inflation consumer prices (annual %),FP.CPI.TOTL.ZG,Kuwait,KWT,1.812946139,1.3,0.888450148,0.961350294,1.248564437,4.142975836,3.057013392,5.484949833,10.58270979,4.609595484,4.496402878,4.839403499,3.255146003,2.682296841,2.908926729,3.271701661,3.198397767,2.171832985,0.543133148,1.091848027,2.101729548
Inflation consumer prices (annual %),FP.CPI.TOTL.ZG,Kyrgyz Republic,KGZ,18.70073428,6.919679894,2.134209863,2.974612952,4.110650847,4.338673918,5.552123332,10.23010327,24.52010242,6.836562481,7.967722256,16.63632627,2.768442365,6.613752024,7.534247298,6.50331839,0.388838297,3.175309864,1.542661452,1.133622577,6.325422963
Inflation consumer prices (annual %),FP.CPI.TOTL.ZG,Lao PDR,LAO,25.08464143,7.811807948,10.63134463,15.48935292,10.46226673,7.165417599,6.545594391,4.661972695,7.628808876,0.141187675,5.982545216,7.568988561,4.255126778,6.371427178,4.129243069,1.277354271,1.596912276,0.825478608,2.040392669,3.322558813,5.10407263
Inflation consumer prices (annual %),FP.CPI.TOTL.ZG,Latvia,LVA,2.654254778,2.487040036,1.938875739,2.942647529,6.192385472,6.748450279,6.536199088,10.09297758,15.40231911,3.534106729,-1.08463595,4.370735599,2.257789244,-0.029454778,0.620490637,0.174242244,0.140633335,2.930363124,2.534454242,2.811409201,0.219064905
Inflation consumer prices (annual %),FP.CPI.TOTL.ZG,Lebanon,LBN,..,..,..,..,..,..,..,..,..,1.195096712,3.983479419,4.971485717,6.581474477,4.821019563,1.854604213,-3.749145248,-0.783359624,4.321352183,6.076989079,3.005389494,84.86433305
Inflation consumer prices (annual %),FP.CPI.TOTL.ZG,Lesotho,LSO,6.131975387,-9.616153539,33.81257834,6.629163571,5.023420686,3.437884231,6.072718797,8.01243669,10.71566613,7.305851166,3.461525866,5.036630521,6.051436621,4.865118995,5.37028961,3.218445137,6.596504907,4.447699374,4.751803016,5.187083592,4.978096763
Inflation consumer prices (annual %),FP.CPI.TOTL.ZG,Liberia,LBR,..,..,14.15964701,10.33028812,7.829087049,10.83435885,7.341446083,11.39189668,17.48944864,7.427643059,7.289927969,8.488167518,6.831787034,7.577306817,9.861112856,7.748696876,8.834248683,12.41963239,23.5635149,..,..
Inflation consumer prices (annual %),FP.CPI.TOTL.ZG,Libya,LBY,-2.9,-8.813937521,-9.797647059,-2.19115192,-2.197567741,2.650205761,1.459268762,6.25098783,10.3607289,2.459900256,2.799895001,15.51848153,6.059803922,2.605818027,..,..,..,..,..,..,..
Inflation consumer prices (annual %),FP.CPI.TOTL.ZG,Liechtenstein,LIE,..,..,..,..,..,..,..,..,..,..,..,..,..,..,..,..,..,..,..,..,..
Inflation consumer prices (annual %),FP.CPI.TOTL.ZG,Lithuania,LTU,0.981615479,1.367120308,0.28150661,-1.13430855,1.164102521,2.658484841,3.739120041,5.737173828,10.92588562,4.453044565,1.319213621,4.130275626,3.089982771,1.047479371,0.103758009,-0.884097406,0.905525075,3.722888623,2.697927792,2.33450938,1.19989445
Inflation consumer prices (annual %),FP.CPI.TOTL.ZG,Luxembourg,LUX,3.15076707,2.663821106,2.074086136,2.049840306,2.225679164,2.487696652,2.666314946,2.312458618,3.40187963,0.368041998,2.273679116,3.410683411,2.662841655,1.734039635,0.628543985,0.474743161,0.290833333,1.730799591,1.528195243,1.743320757,0.819957302
Inflation consumer prices (annual %),FP.CPI.TOTL.ZG,Macao SAR  China,MAC,-1.605719644,-1.9862186,-2.639000013,-1.561384365,0.982619406,4.395023581,5.149874726,5.570507914,8.609519354,1.169351365,2.809766066,5.804468001,6.108311726,5.506786663,6.045271806,4.559202881,2.370161348,1.22655456,3.005221006,..,..
Inflation consumer prices (annual %),FP.CPI.TOTL.ZG,North Macedonia,MKD,6.60742291,5.198885257,2.314597941,0.855562123,-0.448650207,0.525515951,3.213629296,2.251757983,8.33189667,-0.739633963,1.50997522,3.904754221,3.316055667,2.785000567,-0.281705033,-0.299920476,-0.239290788,1.351618897,1.458312985,0.766439573,1.200073489
Inflation consumer prices (annual %),FP.CPI.TOTL.ZG,Madagascar,MDG,11.8596845,7.916944845,16.49852553,-1.704004796,13.9558018,18.36382465,10.76563716,10.28796632,9.296508394,8.954218024,9.247321736,9.482540486,5.713844342,5.826429445,6.080408111,7.404191742,6.035758582,8.609050754,8.594229589,5.610514415,4.201793122
Inflation consumer prices (annual %),FP.CPI.TOTL.ZG,Malawi,MWI,29.58148846,22.7,14.74463461,9.576797869,11.42980608,15.41034466,13.97429435,7.952209909,8.712601866,8.422044277,7.411590929,7.622822628,21.271265,27.28333333,23.79206495,21.86734755,21.71111321,11.54339392,12.42017811,9.370836056,8.625514697
Inflation consumer prices (annual %),FP.CPI.TOTL.ZG,Malaysia,MYS,1.534740237,1.416784732,1.807872463,1.089676326,1.421271159,2.975070927,3.609235642,2.027353178,5.440782211,0.583308406,1.622852356,3.174470922,1.663571025,2.105012312,3.142990509,2.104389802,2.090566595,3.871201158,0.884709161,0.662891866,-1.138702154
Inflation consumer prices (annual %),FP.CPI.TOTL.ZG,Maldives,MDV,-1.174756812,0.67257737,4.178672399,-1.260651135,-1.685412125,1.300275009,2.738421316,6.794773539,12.04145835,4.530176591,6.149885368,11.27341461,10.88469566,3.805630009,2.120001757,0.953206659,0.502509414,2.817473382,-0.133373386,0.220029731,-1.369774256
Inflation consumer prices (annual %),FP.CPI.TOTL.ZG,Mali,MLI,-0.677661659,5.187011919,5.032822757,-1.34672619,-3.099781281,6.397882939,1.543525969,1.412002017,9.170988137,2.463751886,1.108926907,2.955643952,5.323128471,-0.606736356,0.883814547,1.450690576,-1.799647071,1.759857429,0.299546507,-1.658266948,0.43808894
Inflation consumer prices (annual %),FP.CPI.TOTL.ZG,Malta,MLT,2.369592875,2.929492443,2.188490481,1.303837774,2.790828481,3.007966525,2.773780065,1.249219238,4.258621719,2.084327461,1.515635136,2.962985282,2.375820578,1.180284364,0.310306472,1.100548264,0.642702772,1.364354482,1.157823625,1.642060018,0.638544957
Inflation consumer prices (annual %),FP.CPI.TOTL.ZG,Marshall Islands,MHL,..,..,..,..,..,..,..,..,..,..,..,..,..,..,..,..,..,..,..,..,..
Inflation consumer prices (annual %),FP.CPI.TOTL.ZG,Mauritania,MRT,3.254067458,4.714896347,3.895705258,5.151901508,10.36762335,12.12564872,6.241033281,7.254108413,7.346635412,2.220920324,6.283540874,5.686319596,4.902427272,4.129101738,3.534368561,3.237703083,1.48600677,2.275034573,3.048914829,2.300092621,2.385694885
Inflation consumer prices (annual %),FP.CPI.TOTL.ZG,Mauritius,MUS,4.199288256,5.389344262,6.419333722,3.921053576,4.710370601,4.93717005,8.913501057,8.827292724,9.732283171,2.516091281,2.932363014,6.522492549,3.852160333,3.543295739,3.21769192,1.286549708,0.977675135,3.666997027,3.216053831,0.40565519,2.580800772
Inflation consumer prices (annual %),FP.CPI.TOTL.ZG,Mexico,MEX,9.491561494,6.367738062,5.030727332,4.546900121,4.688408848,3.988057146,3.629467624,3.966849055,5.124982746,5.297355842,4.156727227,3.407378246,4.111509811,3.806390697,4.018616081,2.72064065,2.821707847,6.04145724,4.899350154,3.635961421,3.396834156
Inflation consumer prices (annual %),FP.CPI.TOTL.ZG,Micronesia  Fed. Sts.,FSM,2.158518106,0.502497351,-0.111442426,0.126643348,2.276696982,4.257699782,4.637370086,3.30634278,8.423725662,6.393602577,3.313709631,5.082594039,5.01850353,1.752327374,0.650284892,-0.298115837,-1.037468064,0.689027979,1.79400376,..,..
Inflation consumer prices (annual %),FP.CPI.TOTL.ZG,Moldova,MDA,31.29930158,9.764662858,5.301243903,11.74607921,12.52427684,11.95918372,12.77775578,12.36716684,12.78304726,-0.062718597,7.483850864,7.687251034,4.546334274,4.597878974,5.088785546,9.676240331,6.35930898,6.570229975,3.045053973,4.837783514,3.765971222
Inflation consumer prices (annual %),FP.CPI.TOTL.ZG,Monaco,MCO,..,..,..,..,..,..,..,..,..,..,..,..,..,..,..,..,..,..,..,..,..
Inflation consumer prices (annual %),FP.CPI.TOTL.ZG,Mongolia,MNG,11.59553876,6.277360205,0.917074687,5.128994994,8.241154494,12.71656741,5.095166617,9.630963096,27.95566502,7.619505935,10.04620659,8.411214953,14.33033483,10.49065676,12.25398081,5.726872247,0.742300726,4.310762541,6.812435942,7.304815975,3.693169228
Inflation consumer prices (annual %),FP.CPI.TOTL.ZG,Montenegro,MNE,..,..,..,..,..,..,2.924512581,4.347122157,8.758727696,3.466723732,0.65494657,3.450143112,4.14524725,2.205892681,-0.710514052,1.548691582,-0.271385023,2.380235991,2.611223783,0.361563705,-0.2556557
Inflation consumer prices (annual %),FP.CPI.TOTL.ZG,Morocco,MAR,1.894634568,0.619801875,2.795619669,1.167733675,1.493444034,0.98264166,3.28476167,2.042085127,3.714843115,0.971862999,0.993557401,0.90692491,1.287122401,1.880654667,0.442310054,1.557907113,1.635311143,0.754663249,1.803916711,0.303386037,0.705968661
Inflation consumer prices (annual %),FP.CPI.TOTL.ZG,Mozambique,MOZ,..,..,..,..,..,6.427552781,13.24508791,8.489486755,14.5028053,3.788613309,12.42554217,11.16660561,2.60245457,4.261352509,2.559748758,3.550759674,17.41804182,15.11320739,3.9113344,2.781106312,..
Inflation consumer prices (annual %),FP.CPI.TOTL.ZG,Myanmar,MMR,-0.109165515,21.10130538,57.07451126,36.58971753,4.534213741,9.368618142,19.99648734,35.02459707,26.79953719,1.472343114,7.718381959,5.021460146,1.467583227,5.643038834,4.953299185,9.454171895,6.928825258,4.572536553,6.872328657,8.825066968,..
Inflation consumer prices (annual %),FP.CPI.TOTL.ZG,Namibia,NAM,..,..,..,7.136153115,4.136632131,2.28194607,4.961166893,6.547881411,9.094643072,9.451726515,4.874919876,5.005595181,6.721997773,5.600925023,5.350169669,3.394015384,6.728582346,6.145799811,4.291591053,3.722394144,2.209382369
Inflation consumer prices (annual %),FP.CPI.TOTL.ZG,Nauru,NRU,..,..,..,..,..,..,..,..,..,..,..,0.3003003,-0.124750499,..,..,..,..,..,..,..,..
Inflation consumer prices (annual %),FP.CPI.TOTL.ZG,Nepal,NPL,2.478820207,2.688303735,3.029399487,5.707009319,2.841811312,6.836332659,6.920335807,2.269219244,9.907830053,11.09482374,9.326504107,9.227075461,9.459809804,9.040163119,8.364154697,7.868908956,8.79034332,3.627096107,4.061163388,5.568685478,5.052366553
Inflation consumer prices (annual %),FP.CPI.TOTL.ZG,Netherlands,NLD,2.360522338,4.155841272,3.287531047,2.09199839,1.263647392,1.688130179,1.101501065,1.613858598,2.486501983,1.18977687,1.275305696,2.341070178,2.455547653,2.506898527,0.97603508,0.600248147,0.316666667,1.381458714,1.703497947,2.633699102,1.272460378
Inflation consumer prices (annual %),FP.CPI.TOTL.ZG,New Caledonia,NCL,..,..,..,..,..,..,..,..,..,..,..,2.428996938,1.749672346,1.27761319,0.178851061,0.570508141,0.578317436,..,..,..,..
Inflation consumer prices (annual %),FP.CPI.TOTL.ZG,New Zealand,NZL,2.615234462,2.625816304,2.677092577,1.753574448,2.290249028,3.037023326,3.365401962,2.376143103,3.958949373,2.115651106,2.30202386,4.027906674,1.059913184,1.134422664,1.227507506,0.292704628,0.646240284,1.850787675,1.598297038,1.619631902,1.7145617
Inflation consumer prices (annual %),FP.CPI.TOTL.ZG,Nicaragua,NIC,7.069913523,5.986041863,3.750174658,5.302387732,8.470210636,9.599099861,9.140199668,11.12693474,19.82620313,3.687001605,5.455134259,8.082387981,7.193550533,7.135467853,6.035968618,3.997379967,3.523173176,3.850671663,4.94723728,5.376289908,3.681813416
Inflation consumer prices (annual %),FP.CPI.TOTL.ZG,Niger,NER,2.900149736,4.005514284,2.628865979,-1.614407692,0.262543757,7.797497818,0.04048583,0.053959261,11.30510988,0.582906591,0.804073081,2.94238514,0.45508982,2.29723115,-0.93028726,-0.57609037,1.653889224,2.796373189,2.96760366,-2.489792651,..
Inflation consumer prices (annual %),FP.CPI.TOTL.ZG,Nigeria,NGA,6.933292156,18.87364621,12.8765792,14.03178361,14.99803382,17.86349337,8.22522152,5.388007969,11.58107517,12.55496039,13.72020184,10.84002754,12.21778174,8.475827285,8.062485824,9.009387183,15.67534055,16.52353998,12.09473155,11.39679497,..
Inflation consumer prices (annual %),FP.CPI.TOTL.ZG,Northern Mariana Islands,MNP,..,..,..,..,..,..,..,..,..,..,..,..,..,..,..,..,..,..,..,..,..
Inflation consumer prices (annual %),FP.CPI.TOTL.ZG,Norway,NOR,3.085506091,3.00419704,1.286725284,2.487825535,0.454498502,1.532133676,2.329349808,0.712589074,3.753930818,2.197385869,2.418906395,1.284951588,0.696864111,2.120486204,2.041702867,2.171136654,3.55,1.875100596,2.764831345,2.167730033,1.286584907
Inflation consumer prices (annual %),FP.CPI.TOTL.ZG,Oman,OMN,..,-0.816666667,-0.279578823,0.231328682,0.624969063,1.909835535,3.544985916,5.830484181,12.37540915,3.468810238,3.256579591,4.042188671,2.947734953,1.045528388,1.022343145,0.065290133,1.109208058,1.597160603,0.881302104,0.133795057,-0.903874872
Inflation consumer prices (annual %),FP.CPI.TOTL.ZG,Pakistan,PAK,4.366664513,3.148261446,3.290344726,2.914134701,7.444624693,9.06332737,7.921084401,7.598684411,20.28612109,13.64776506,12.93887056,11.91609271,9.682351861,7.692156119,7.189384028,2.529328173,3.765119164,4.08537368,5.078057259,10.5783618,9.739993139
Inflation consumer prices (annual %),FP.CPI.TOTL.ZG,Palau,PLW,..,..,-1.301236174,0.922874094,4.964075767,3.951462352,4.429811434,3.238750358,11.96557468,1.438135383,1.442190174,4.674698795,3.614180479,3.354810042,4.191745486,0.949040644,-1.042305334,1.280462619,..,..,..
Inflation consumer prices (annual %),FP.CPI.TOTL.ZG,Panama,PAN,1.498961116,0.307062436,1.005830904,0.391666667,0.474723078,2.855883248,2.457893464,4.168633003,8.758683177,2.409053041,3.491288726,5.875802437,5.698199592,4.027159916,2.626526999,0.137492058,0.739734025,0.875585919,0.761578359,-0.355083821,-1.550275408
Inflation consumer prices (annual %),FP.CPI.TOTL.ZG,Papua New Guinea,PNG,15.59589331,9.298173328,11.7994471,14.70907797,2.158931313,1.780804399,2.368462384,0.911350456,10.76141823,6.918325326,6.013608936,4.44083401,4.537205082,4.96031746,5.222117202,5.995957781,6.673728814,5.42204568,4.374489215,3.928672909,4.871673986
Inflation consumer prices (annual %),FP.CPI.TOTL.ZG,Paraguay,PRY,8.982159768,7.268060286,10.51024209,14.23679705,4.32326493,6.807382031,9.589349411,8.130474177,10.15478465,2.591946734,4.651162791,8.253968254,3.67591898,2.683857387,5.028827675,3.129002745,4.086822806,3.602477413,3.975610157,2.757097276,1.767515924
Inflation consumer prices (annual %),FP.CPI.TOTL.ZG,Peru,PER,3.757338333,1.977098785,0.193135004,2.259377534,3.662473201,1.616301939,2.002258012,1.779986447,5.785875982,2.936231536,1.528320597,3.369310953,3.655709068,2.806716509,3.244963042,3.549288049,3.592113241,2.80283917,1.317647659,2.137153426,1.826052698
Inflation consumer prices (annual %),FP.CPI.TOTL.ZG,Philippines,PHL,3.977125032,5.345501956,2.722772277,2.289156627,4.829210836,6.516853933,5.485232068,2.9,8.260447036,4.219030521,3.789836348,4.718417047,3.026963911,2.582687661,3.597823439,0.674192537,1.253698801,2.853187726,5.211604606,2.480278587,2.635228849
Inflation consumer prices (annual %),FP.CPI.TOTL.ZG,Poland,POL,9.900175388,5.408335456,1.90528215,0.682701376,3.382646819,2.183798724,1.284693944,2.458743124,4.164971935,3.795392425,2.580693703,4.239401496,3.560371517,0.991982606,0.053821313,-0.874125874,-0.664767331,2.075935537,1.812951565,2.227478809,3.374469726
Inflation consumer prices (annual %),FP.CPI.TOTL.ZG,Portugal,PRT,2.853030393,4.369903306,3.600346583,3.218990907,2.365362041,2.277163949,3.107665459,2.453965281,2.588506577,-0.835530022,1.402572899,3.653011004,2.773338541,0.274416667,-0.278153367,0.487938624,0.607397075,1.368614116,0.993715683,0.33817841,-0.01243833
Inflation consumer prices (annual %),FP.CPI.TOTL.ZG,Puerto Rico,PRI,..,..,..,..,..,..,..,..,..,..,..,..,..,..,..,..,..,..,..,..,..
Inflation consumer prices (annual %),FP.CPI.TOTL.ZG,Qatar,QAT,1.650335224,1.471334348,0.24,2.264565044,6.79933665,8.814395323,11.83580962,13.75816258,15.05014516,-4.863278016,-2.425256752,1.138366235,2.315348534,3.221977568,3.349720857,1.814077239,2.676591701,0.394878914,0.255815383,-0.666641125,-2.54031503
Inflation consumer prices (annual %),FP.CPI.TOTL.ZG,Romania,ROU,45.66659404,34.47701235,22.53988626,15.27348899,11.87436359,9.014912833,6.558514123,4.837329283,7.850802557,5.587420043,6.091416686,5.789253288,3.334922677,3.984712355,1.068309877,-0.594156437,-1.544796668,1.339021211,4.625484431,3.827854326,2.631073112
Inflation consumer prices (annual %),FP.CPI.TOTL.ZG,Russian Federation,RUS,20.79876066,21.47700721,15.78873079,13.66329302,10.88861573,12.68530395,9.668654548,9.007298689,14.11076778,11.64732958,6.849392303,8.440464859,5.074743008,6.753710262,7.823411839,15.53440505,7.04244763,3.683329444,2.878297236,4.470366608,3.381659372
Inflation consumer prices (annual %),FP.CPI.TOTL.ZG,Rwanda,RWA,3.899529803,3.342855067,1.992585425,7.44970014,12.25071029,9.014089181,8.882826548,9.080722059,15.43821387,12.94439784,-0.246128693,3.080170692,10.27101823,5.92426868,2.354490528,2.528502842,7.17434302,8.279536723,-0.31121016,3.34787655,9.850399023
Inflation consumer prices (annual %),FP.CPI.TOTL.ZG,Samoa,WSM,0.96678235,3.838284639,8.050314465,0.115830116,16.31315079,1.856763926,3.700086806,5.577063932,11.56590684,6.324953362,0.777007269,5.235415915,2.049018835,0.610085721,-0.406816088,0.724470135,1.304718693,1.749896775,4.197458887,0.98232657,-1.568912477
Inflation consumer prices (annual %),FP.CPI.TOTL.ZG,San Marino,SMR,..,..,..,..,1.430838685,1.685488905,2.095259356,2.498945757,4.293202493,2.19959237,2.585418156,2.899795843,2.827332242,1.604392981,1.112963034,0.145686073,0.57394802,1.045976835,..,..,..
Inflation consumer prices (annual %),FP.CPI.TOTL.ZG,Sao Tome and Principe,STP,12.20894563,9.222037076,10.12872467,9.792419749,13.28588609,17.15220494,23.07703735,18.54851363,31.99010395,16.9574758,13.34005235,14.32716676,10.63793534,8.105832709,6.99849944,5.250170864,5.432710958,5.695088786,7.857064313,..,..
Inflation consumer prices (annual %),FP.CPI.TOTL.ZG,Saudi Arabia,SAU,-1.124994779,-1.120944775,0.247186514,0.612194395,0.515506767,0.479230398,2.209024079,4.167823301,9.870247913,5.057223147,5.339416806,5.826216088,2.866268875,3.532524707,2.236290315,1.206073222,2.068840361,-0.83819458,2.45814158,-2.093333333,3.44545826
Inflation consumer prices (annual %),FP.CPI.TOTL.ZG,Senegal,SEN,0.731981982,2.974500839,2.337301875,-0.051997024,0.514781781,1.711333259,2.112285839,5.853304285,7.347202366,-2.248021479,1.228681197,3.403228298,1.418228712,0.710245487,-1.090255074,0.135211934,0.837284943,1.318153148,0.460985642,1.758565176,2.547434646
Inflation consumer prices (annual %),FP.CPI.TOTL.ZG,Serbia,SRB,71.12062879,95.00522581,19.49083216,9.876178897,11.02636272,16.11998065,11.724023,6.391706444,12.41098678,8.116950922,6.142553602,11.13739763,7.330385896,7.694263629,2.082447939,1.39235822,1.122313974,3.131062486,1.959840763,1.849229845,1.575532901
Inflation consumer prices (annual %),FP.CPI.TOTL.ZG,Seychelles,SYC,6.268768769,5.969622042,0.175,3.302553864,3.857303914,0.907187718,-0.353465499,5.320600273,36.96475829,31.75444077,-2.404638751,2.559267722,7.110370623,4.338938483,1.385834546,4.041944107,-1.015481917,2.856795756,3.702918391,1.8061116,..
Inflation consumer prices (annual %),FP.CPI.TOTL.ZG,Sierra Leone,SLE,..,..,..,..,..,..,..,11.64997445,8.204614927,7.469166667,7.193536131,6.788194444,6.588359616,5.51827137,4.645462047,6.693679279,10.88328586,18.2198092,16.03278985,14.80305857,13.4469773
Inflation consumer prices (annual %),FP.CPI.TOTL.ZG,Singapore,SGP,1.361623924,0.997197956,-0.391676867,0.5079053,1.662727199,0.425106277,0.962901778,2.104880036,6.627781774,0.596720257,2.823661349,5.247793398,4.575602704,2.358604154,1.02514803,-0.522618167,-0.53226874,0.57626031,0.438620118,0.565260569,-0.181916667
Inflation consumer prices (annual %),FP.CPI.TOTL.ZG,Sint Maarten (Dutch part),SXM,..,..,..,..,..,..,0.300601202,4.432457542,-0.41792902,5.957636888,1.338576217,4.584754357,4.015184211,2.528647885,1.886754663,0.330027165,0.111682656,2.19201011,..,..,..
Inflation consumer prices (annual %),FP.CPI.TOTL.ZG,Slovak Republic,SVK,12.0357806,7.329620191,3.12714223,8.554143054,7.548500882,2.709084946,4.483331204,2.756723716,4.598179763,1.615104641,0.957018133,3.919285991,3.606102635,1.40047369,-0.07616533,-0.325219777,-0.520010196,1.311945882,2.514037129,2.664561334,1.936941267
Inflation consumer prices (annual %),FP.CPI.TOTL.ZG,Slovenia,SVN,8.911744187,8.379665875,7.480777707,5.544164218,3.592975942,2.451501323,2.457924442,3.657495633,5.647423806,0.839262247,1.801170221,1.802851719,2.59741386,1.769200859,0.199343827,-0.525552286,-0.054999542,1.429107433,1.73860862,1.630522608,-0.054856816
Inflation consumer prices (annual %),FP.CPI.TOTL.ZG,Solomon Islands,SLB,7.88956187,6.925837321,10.92963419,8.269463493,6.985842027,7.330663416,11.21998702,7.666020135,17.3200652,7.092717169,1.051481633,7.34270706,5.912006025,5.391363886,5.165902379,-0.574469286,0.512485626,0.48868676,3.46147485,1.63485544,2.963549921
Inflation consumer prices (annual %),FP.CPI.TOTL.ZG,Somalia,SOM,..,..,..,..,..,..,..,..,..,..,..,..,..,..,..,..,..,..,..,..,..
Inflation consumer prices (annual %),FP.CPI.TOTL.ZG,South Africa,ZAF,5.338951583,5.701904835,9.494706671,5.679418064,-0.692030138,2.062852225,3.243901675,6.17781207,10.05528203,7.264562145,4.063538973,5.017157733,5.723943662,5.776404135,6.136020151,4.509208278,6.594604415,5.181082233,4.504577493,4.124350725,3.223885042
Inflation consumer prices (annual %),FP.CPI.TOTL.ZG,South Sudan,SSD,..,..,..,..,..,..,..,..,..,5.006273615,1.169621803,46.85217572,45.52589784,-0.058090978,1.674299063,52.76633042,379.9995856,187.8516303,83.50152949,87.24136415,29.67584355
Inflation consumer prices (annual %),FP.CPI.TOTL.ZG,Spain,ESP,3.433516755,3.589834949,3.065765372,3.039233684,3.03920165,3.368453988,3.515374911,2.787030473,4.075660764,-0.287996835,1.79988133,3.196146412,2.446000185,1.408546292,-0.150870313,-0.500461321,-0.202671741,1.956083333,1.675067615,0.699536242,-0.322671033
Inflation consumer prices (annual %),FP.CPI.TOTL.ZG,Sri Lanka,LKA,6.17627591,14.1584558,9.55103167,6.314637871,7.57592583,11.6396861,10.02018361,15.84211149,22.56449553,3.464963221,6.217648893,6.716768436,7.542913732,6.908450348,3.179002282,3.768367831,3.958888466,7.704137679,2.135037737,3.528393582,6.153945084
Inflation consumer prices (annual %),FP.CPI.TOTL.ZG,St. Kitts and Nevis,KNA,2.148855327,2.303447483,2.041091026,2.235436644,2.314554622,3.37781904,8.487485758,4.480886086,5.300296751,2.05793709,0.85087865,5.835165196,0.816089282,1.10698554,0.247865392,-2.30187563,-0.687037123,0.694916712,-1.037122141,-0.329562064,..
Inflation consumer prices (annual %),FP.CPI.TOTL.ZG,St. Lucia,LCA,3.710786087,5.30722081,-0.255536627,1.034253724,1.460368144,3.898273708,2.395620825,2.823103737,5.549547694,-0.156936087,3.250344092,2.769407941,4.177635871,1.472018389,3.518478182,-0.984309204,-3.092989589,0.118417726,1.938462444,0.53910009,..
Inflation consumer prices (annual %),FP.CPI.TOTL.ZG,St. Martin (French part),MAF,..,..,..,..,..,..,..,..,..,..,..,..,..,..,..,..,..,..,..,..,..
Inflation consumer prices (annual %),FP.CPI.TOTL.ZG,St. Vincent and the Grenadines,VCT,0.167679637,0.900858486,1.85550399,0.205981709,2.960039467,3.733429165,2.740675161,7.236147016,10.06624182,0.421539126,0.747109026,3.186031116,2.598444141,0.805127804,0.193858561,-1.73361195,-0.149641648,2.153336488,2.324144854,0.913069725,..
Inflation consumer prices (annual %),FP.CPI.TOTL.ZG,Sudan,SDN,7.121258972,1.935295721,22.22472415,6.489432087,9.657546286,8.505850759,7.199129901,14.75427708,14.29712245,11.25675871,12.97766639,18.09661712,35.55905741,36.52234491,36.90664279,16.90957061,17.75025383,32.3516261,63.29250735,50.9940515,150.3227239
Inflation consumer prices (annual %),FP.CPI.TOTL.ZG,Suriname,SUR,59.40168655,38.58628789,15.52739892,23.00223218,9.98632512,9.898004896,11.28130433,6.426279345,14.66714274,-0.133636647,6.941082216,17.71177964,5.006863194,1.923436041,3.383412727,6.893903592,55.41238798,21.99694302,..,..,34.90094281
Inflation consumer prices (annual %),FP.CPI.TOTL.ZG,Eswatini,SWZ,12.20853585,5.942109823,12.01971547,7.29,3.445335073,4.774004046,5.304639463,8.076088279,12.65746019,7.448234234,4.509236918,6.107427146,8.939646828,5.621306235,5.681348858,4.951244937,7.847274591,6.221375289,4.815061675,2.598016203,..
Inflation consumer prices (annual %),FP.CPI.TOTL.ZG,Sweden,SWE,0.899143734,2.405958341,2.158482136,1.925655349,0.373659829,0.453170853,1.360214686,2.212168834,3.437049106,-0.494460544,1.157988027,2.961150738,0.888377507,-0.04429297,-0.179638494,-0.046784745,0.984269245,1.794499047,1.953535301,1.784150974,0.497367319
Inflation consumer prices (annual %),FP.CPI.TOTL.ZG,Switzerland,CHE,1.558529197,0.98902033,0.642711507,0.638272931,0.802908731,1.171954203,1.059509283,0.732350603,2.426041171,-0.480481936,0.688238707,0.231349208,-0.692552018,-0.217323155,-0.013202539,-1.143908672,-0.434618664,0.53378784,0.936335464,0.36288618,-0.725874933
Inflation consumer prices (annual %),FP.CPI.TOTL.ZG,Syrian Arab Republic,SYR,-3.846153846,3,-0.130505282,5.796829449,4.433141367,7.240349393,10.02411054,3.907709504,15.74532522,2.920897118,4.397413832,4.753163889,36.70229534,..,..,..,..,..,..,..,..
Inflation consumer prices (annual %),FP.CPI.TOTL.ZG,Tajikistan,TJK,..,38.59188945,12.24998478,16.3034912,7.141965087,7.091932441,10.01086519,13.14912471,20.47052191,6.448234811,6.445314408,12.43154904,5.83116601,5.009646453,6.104427651,5.714559496,6.004580823,..,..,..,..
Inflation consumer prices (annual %),FP.CPI.TOTL.ZG,Tanzania,TZA,5.923961096,5.147468002,5.317833661,5.303566215,4.735801439,5.034570093,7.250972621,7.02551437,10.27839376,12.14222787,6.200155956,12.69096947,16.00109385,7.870723646,6.13161433,5.58816953,5.174766293,5.318716052,3.494458489,3.46428058,3.290290628
Inflation consumer prices (annual %),FP.CPI.TOTL.ZG,Thailand,THA,1.591969175,1.626908873,0.697308977,1.804349946,2.759149262,4.540369196,4.63747436,2.241540953,5.468489496,-0.845716092,3.247588424,3.808790581,3.014899503,2.184886185,1.895141819,-0.900424963,0.188149704,0.665631893,1.063897542,0.706728601,-0.845937147
Inflation consumer prices (annual %),FP.CPI.TOTL.ZG,Timor-Leste,TLS,..,..,..,7.165158914,3.23751394,1.111674004,3.936162599,10.30090202,9.064236219,0.669681186,6.765976802,13.49984024,11.80030967,10.98723442,0.848838206,0.646148614,-1.469842879,0.52297668,2.29424307,0.95881274,..
Inflation consumer prices (annual %),FP.CPI.TOTL.ZG,Togo,TGO,1.862605955,3.919591337,3.059818575,-0.930000884,0.393078681,6.78292893,2.228977794,0.945673272,8.694828144,3.71360592,1.445945174,3.563514729,2.577181741,1.825394759,0.190875076,2.58390527,1.285246608,-0.980289496,0.928170504,0.685897591,1.827540385
Inflation consumer prices (annual %),FP.CPI.TOTL.ZG,Tonga,TON,6.327635514,8.290283189,10.35906079,11.63862196,10.97340537,8.665692211,6.149116065,5.842248749,10.44698751,1.426859721,3.534912392,6.27075303,1.147538537,0.775629322,2.510876333,-1.05399832,2.578155152,7.442245466,..,..,..
Inflation consumer prices (annual %),FP.CPI.TOTL.ZG,Trinidad and Tobago,TTO,3.555413197,5.536653263,4.150058617,3.811106244,3.72154939,6.874534596,8.329603515,7.894388348,12.03034455,6.978087253,10.54920032,5.107132893,9.260281371,5.199817405,5.684418146,4.661215981,3.070667425,1.880384402,1.018569302,1.00054293,0.598986331
Inflation consumer prices (annual %),FP.CPI.TOTL.ZG,Tunisia,TUN,2.962307947,1.983333333,2.721032849,2.712592475,3.63228005,2.017786414,3.225253374,2.966944325,4.345028076,3.664903306,3.338979636,3.24002842,4.611844322,5.316235313,4.625550995,4.437371273,3.629399374,5.308848396,7.30759176,6.720075329,5.634151159
Inflation consumer prices (annual %),FP.CPI.TOTL.ZG,Turkey,TUR,54.91537058,54.40018876,44.96412095,21.60243845,8.598261681,8.179160368,9.597242123,8.75618091,10.44412838,6.250976631,8.566444206,6.471879671,8.891569965,7.493090305,8.854572714,7.670853648,7.775134153,11.14431108,16.3324639,15.17682157,12.27895745
Inflation consumer prices (annual %),FP.CPI.TOTL.ZG,Turkmenistan,TKM,..,..,..,..,..,..,..,..,..,..,..,..,..,..,..,..,..,..,..,..,..
Inflation consumer prices (annual %),FP.CPI.TOTL.ZG,Turks and Caicos Islands,TCA,..,..,..,..,..,..,..,..,..,..,..,..,..,..,..,..,..,..,..,..,..
Inflation consumer prices (annual %),FP.CPI.TOTL.ZG,Tuvalu,TUV,..,..,..,..,..,..,..,..,..,..,..,0.500580743,..,..,..,..,..,..,..,..,..
Inflation consumer prices (annual %),FP.CPI.TOTL.ZG,Uganda,UGA,3.392021585,1.865125241,-0.287508512,8.680476516,3.72128744,8.448726423,7.310676136,6.138510833,12.05085555,13.01725619,3.976552885,15.12515394,12.67873624,4.902714419,3.074677606,5.410004196,5.445758784,5.640931922,2.623975052,2.86909425,3.794422749
Inflation consumer prices (annual %),FP.CPI.TOTL.ZG,Ukraine,UKR,28.20309724,11.95880854,0.757420846,5.179677819,9.048067861,13.56957649,9.052524911,12.83877962,25.22646171,15.88119246,9.372931051,7.955724663,0.568727972,-0.238948626,12.07185629,48.69986464,13.9127102,14.43832275,10.95185594,7.886717456,2.732492094
Inflation consumer prices (annual %),FP.CPI.TOTL.ZG,United Arab Emirates,ARE,..,..,..,..,..,..,..,..,12.25042024,1.561813174,0.877983288,0.877346596,0.6622689,1.101118364,2.346268657,4.069966084,1.617488089,1.966825578,3.068633793,-1.931081148,-2.079403179
Inflation consumer prices (annual %),FP.CPI.TOTL.ZG,United Kingdom,GBR,1.182956242,1.532349603,1.520402459,1.376500385,1.390397567,2.08913649,2.455661664,2.386561508,3.521408563,1.961731736,2.492654725,3.856112447,2.573234797,2.291666667,1.451120163,0.368046842,1.008417368,2.557755776,2.292839903,1.738104601,0.989486704
Inflation consumer prices (annual %),FP.CPI.TOTL.ZG,United States,USA,3.376857271,2.826171119,1.586031627,2.270094973,2.677236693,3.392746845,3.225944101,2.852672482,3.839100297,-0.355546266,1.640043442,3.156841569,2.069337265,1.464832656,1.622222977,0.118627136,1.261583206,2.130110004,2.442583297,1.812210075,1.233584396
Inflation consumer prices (annual %),FP.CPI.TOTL.ZG,Uruguay,URY,4.763824727,4.359340652,13.97247259,19.37973017,9.157605075,4.69927739,6.397649744,8.114645612,7.877073747,7.062218744,6.69870887,8.092832063,8.097765806,8.57513504,8.877353332,8.666269871,9.639413476,6.218093826,7.606533604,7.881988709,9.756406361
Inflation consumer prices (annual %),FP.CPI.TOTL.ZG,Uzbekistan,UZB,..,..,..,..,..,..,..,..,..,..,..,..,..,..,..,..,..,..,..,..,..
Inflation consumer prices (annual %),FP.CPI.TOTL.ZG,Vanuatu,VUT,2.537688442,3.577554521,1.963567542,3.016241299,1.418918919,1.199200533,2.040816327,3.935483871,4.841713222,4.29706573,2.762694695,0.873793105,1.347403629,1.458933718,0.798863838,2.483268757,0.842069084,3.084526244,2.330963796,2.762520194,..
Inflation consumer prices (annual %),FP.CPI.TOTL.ZG,Venezuela  RB,VEN,..,..,..,..,..,..,..,..,..,27.08094145,28.18746471,26.09021232,21.06899563,40.63942752,62.16864998,121.7380853,254.9485348,..,..,..,..
Inflation consumer prices (annual %),FP.CPI.TOTL.ZG,Vietnam,VNM,-1.710337279,-0.431544512,3.830828382,3.234648173,7.754947487,8.284572431,7.418017151,8.344448898,23.11544835,6.7169827,9.207466488,18.67773228,9.094703396,6.592674759,4.084554466,0.631200905,2.66824817,3.520256888,3.539628059,2.795823675,3.220934367
Inflation consumer prices (annual %),FP.CPI.TOTL.ZG,Virgin Islands (U.S.),VIR,..,..,..,..,..,..,..,..,..,..,..,..,..,..,..,..,..,..,..,..,..
Inflation consumer prices (annual %),FP.CPI.TOTL.ZG,West Bank and Gaza,PSE,2.798198924,1.222784759,5.70951586,4.403032217,3.004174986,4.107250707,3.842341256,1.859743794,9.889997887,2.753934851,3.749157276,2.877243585,2.779087683,1.724399336,1.7329851,1.431611458,-0.219106605,0.212570934,-0.195107774,1.580183336,-0.735332001
Inflation consumer prices (annual %),FP.CPI.TOTL.ZG,Yemen  Rep.,YEM,4.59,11.91159129,12.23853394,10.8323607,12.51509515,11.81126394,10.84479869,7.90511779,18.97625743,5.407760981,11.17483386,19.54356171,9.885387145,10.96844215,8.104725836,..,..,..,..,..,..
Inflation consumer prices (annual %),FP.CPI.TOTL.ZG,Zambia,ZMB,26.03041179,21.39378218,22.23334464,21.40157839,17.96778911,18.3244397,9.019572472,10.6573496,12.44557935,13.39525463,8.501761334,6.429396811,6.575899708,6.977676055,7.806875536,10.11059289,17.86973008,6.577311542,7.494571927,9.150316443,15.73258514
Inflation consumer prices (annual %),FP.CPI.TOTL.ZG,Zimbabwe,ZWE,..,..,..,..,..,..,..,..,..,..,3.022670025,3.466129728,3.725326661,1.634950415,-0.19778481,-2.430968424,-1.543669601,0.893962316,10.61886587,..,..
