Country Name,Country Code,Series Name,Series Code,2000 [YR2000],2002 [YR2002],2003 [YR2003],2004 [YR2004],2005 [YR2005],2006 [YR2006],2007 [YR2007],2008 [YR2008],2009 [YR2009],2010 [YR2010],2011 [YR2011],2012 [YR2012],2013 [YR2013],2014 [YR2014],2015 [YR2015],2016 [YR2016],2017 [YR2017],2018 [YR2018],2019 [YR2019],2020 [YR2020]
Afghanistan,AFG,Regulatory Quality: Estimate,RQ.EST,-2.109626,-1.804449,-1.430002,-1.505863,-1.637369,-1.667902,-1.688257,-1.621583,-1.674311,-1.532861,-1.540586,-1.193118,-1.193137,-1.118182,-0.9973711,-1.327688,-1.336691,-1.133277,-1.12069,-1.378587
Albania,ALB,Regulatory Quality: Estimate,RQ.EST,-0.2543595,-0.2246936,-0.4475814,-0.1657453,-0.3718735,-0.1017605,0.0606124,0.1475397,0.2382841,0.2294774,0.232936,0.1991688,0.2097187,0.2219903,0.1866678,0.1890221,0.223364,0.2541973,0.2738677,0.2371311
Algeria,DZA,Regulatory Quality: Estimate,RQ.EST,-0.7053858,-0.5834717,-0.5172341,-0.5441265,-0.3833986,-0.5715542,-0.622034,-0.7946138,-1.073803,-1.171034,-1.189574,-1.276868,-1.16597,-1.282962,-1.173605,-1.171879,-1.19422,-1.226688,-1.303447,-1.291494
American Samoa,ASM,Regulatory Quality: Estimate,RQ.EST,..,..,..,0.506223,0.3719929,0.3619615,0.3774178,0.3906331,0.4036857,0.3956605,0.3902979,0.3632333,0.366314,0.1808667,0.1724523,0.1366879,-0.2525457,-0.2859912,-0.2996039,0.542098
Andorra,AND,Regulatory Quality: Estimate,RQ.EST,1.276005,1.468842,1.447286,1.424216,1.360657,1.350138,1.377706,1.398468,1.408183,1.391692,1.617491,1.568978,1.567499,0.8850665,0.9129404,0.8714429,1.209727,1.193258,1.228282,1.339709
Angola,AGO,Regulatory Quality: Estimate,RQ.EST,-1.799331,-1.46316,-1.212144,-1.251539,-1.257796,-1.132907,-1.02466,-1.065344,-1.031473,-1.035929,-1.097776,-0.9697781,-1.054224,-0.9884589,-0.9091855,-1.00138,-1.042228,-0.8776826,-0.8940375,-0.9085017
Anguilla,AIA,Regulatory Quality: Estimate,RQ.EST,..,..,..,0.9169039,1.113491,1.350138,1.377706,1.398468,1.408183,1.391692,1.372053,1.327829,1.327262,0.8850665,0.9129404,0.8714429,0.844159,0.8234454,0.8463107,0.9409034
Antigua and Barbuda,ATG,Regulatory Quality: Estimate,RQ.EST,0.7923433,0.7359084,0.7157142,0.5910869,0.587315,0.5481927,0.5313625,0.6425917,0.6548098,0.6446683,0.6357366,0.6043823,0.6065512,0.5329666,0.3740782,0.3414612,0.2530876,0.4139312,0.4854296,0.5125659
Argentina,ARG,Regulatory Quality: Estimate,RQ.EST,0.2572446,-0.9190252,-0.7089257,-0.7137598,-0.5483672,-0.6406317,-0.6682156,-0.7375205,-0.8450356,-0.7623686,-0.7222099,-0.9292172,-0.957261,-1.074257,-0.9114419,-0.4696253,-0.2898896,-0.2906713,-0.4932295,-0.5673085
Armenia,ARM,Regulatory Quality: Estimate,RQ.EST,-0.1165632,0.0394886,0.2097894,0.1291029,0.0834767,0.2846058,0.271804,0.3378677,0.2962559,0.3094823,0.2732067,0.349337,0.252607,0.2134245,0.2418069,0.2500556,0.2805222,0.3279592,0.249007,0.2500479
Aruba,ABW,Regulatory Quality: Estimate,RQ.EST,..,..,..,0.7719577,0.8663251,0.85605,0.877562,0.8945503,1.291655,1.347078,1.32283,1.408916,1.429111,1.250432,1.371496,1.347553,1.194347,0.8561839,0.8574405,0.9238698
Australia,AUS,Regulatory Quality: Estimate,RQ.EST,1.637249,1.467519,1.607837,1.721607,1.600643,1.623903,1.683095,1.765919,1.819984,1.698415,1.858609,1.786468,1.800868,1.863708,1.788684,1.896966,1.933411,1.902706,1.873689,1.816904
Austria,AUT,Regulatory Quality: Estimate,RQ.EST,1.534618,1.58584,1.569717,1.524203,1.606079,1.644535,1.690031,1.606344,1.452587,1.452815,1.382634,1.524189,1.490679,1.48773,1.403266,1.440436,1.440179,1.531354,1.459237,1.401355
Azerbaijan,AZE,Regulatory Quality: Estimate,RQ.EST,-0.9318838,-0.7069774,-0.5656479,-0.5902202,-0.5777211,-0.5232428,-0.4590306,-0.354921,-0.3080575,-0.3723761,-0.3719663,-0.4555908,-0.4083123,-0.2771416,-0.2547193,-0.2820228,-0.2449824,-0.1973939,-0.2269891,-0.3147717
Bahamas,BHS,Regulatory Quality: Estimate,RQ.EST,1.193974,1.342486,1.186557,1.133929,1.106881,1.051078,1.028625,1.052687,0.8027678,0.5507844,0.5280252,0.3950239,0.1900627,0.1719736,0.1661729,0.2575893,0.1230418,0.1802535,-0.0482854,0.0138412
Bahrain,BHR,Regulatory Quality: Estimate,RQ.EST,0.7893434,0.9075058,0.6542107,0.7115225,0.6620233,0.6833447,0.7653286,0.7110434,0.6942499,0.7138977,0.7209967,0.6894466,0.6073823,0.7084731,0.8196669,0.6082391,0.4164841,0.4166367,0.4851534,0.6258294
Bangladesh,BGD,Regulatory Quality: Estimate,RQ.EST,-0.8357115,-0.9786172,-0.916686,-1.126801,-1.072006,-1.001249,-0.9456931,-0.9163275,-0.8645244,-0.8470868,-0.8115228,-0.951405,-0.9147804,-0.9375781,-0.8990583,-0.7966801,-0.8055848,-0.8343157,-0.9290726,-0.9019138
Barbados,BRB,Regulatory Quality: Estimate,RQ.EST,1.308765,1.125082,1.15479,1.088803,1.155897,1.00106,1.080872,0.8809694,0.5863398,0.5074166,0.6473415,0.4534954,0.4570413,0.3385934,0.5658875,0.4810649,0.4947271,0.5435893,0.4123509,0.4801968
Belarus,BLR,Regulatory Quality: Estimate,RQ.EST,-1.701348,-1.527505,-1.300569,-1.218654,-1.454486,-1.622619,-1.425799,-1.237736,-1.121109,-1.131118,-1.177444,-1.069632,-1.068252,-1.008514,-0.9935866,-0.9412614,-0.7347551,-0.6494673,-0.5432242,-0.649549
Belgium,BEL,Regulatory Quality: Estimate,RQ.EST,1.204084,1.298516,1.314252,1.356272,1.272992,1.330316,1.419906,1.40555,1.312602,1.28502,1.241629,1.22858,1.291454,1.157765,1.287759,1.340684,1.24688,1.268156,1.291109,1.350718
Belize,BLZ,Regulatory Quality: Estimate,RQ.EST,0.0207736,0.0155745,0.1178235,-0.1599605,0.0088224,-0.3449018,-0.4116923,-0.4427845,-0.4385273,-0.4103881,-0.5138005,-0.4732476,-0.4844147,-0.4965478,-0.4634508,-0.5123594,-0.5466834,-0.6500763,-0.5444132,-0.5378277
Benin,BEN,Regulatory Quality: Estimate,RQ.EST,-0.1743795,-0.4033242,-0.4779921,-0.4847811,-0.6539117,-0.4275719,-0.4441905,-0.4972941,-0.3465346,-0.3335557,-0.3462625,-0.3786036,-0.4007843,-0.5859138,-0.5630289,-0.5278944,-0.4710597,-0.3385929,-0.3760342,-0.3722045
Bermuda,BMU,Regulatory Quality: Estimate,RQ.EST,1.517836,1.468842,1.447286,1.448373,1.360657,1.350138,1.377706,1.398468,1.408183,1.391692,1.372053,1.327829,1.327262,0.8850665,0.9129404,0.8714429,0.844159,0.8234454,0.8463107,0.9409034
Bhutan,BTN,Regulatory Quality: Estimate,RQ.EST,-0.341934,-0.4179625,0.0334465,-0.819621,-0.2806116,-0.567003,-0.6922845,-0.7493685,-1.07056,-1.169393,-1.154382,-1.086905,-1.078863,-0.9980033,-0.7134356,-0.6651375,-0.3313459,-0.3448173,-0.3273374,-0.3105174
Bolivia,BOL,Regulatory Quality: Estimate,RQ.EST,0.035398,-0.0592883,-0.0844885,-0.2028167,-0.6925678,-0.8880664,-0.9819081,-0.8709679,-0.8793064,-0.802755,-0.7557204,-0.8235803,-0.7768504,-0.8702523,-0.8858231,-0.9240948,-0.8970232,-0.9072621,-0.9934214,-1.023997
Bosnia and Herzegovina,BIH,Regulatory Quality: Estimate,RQ.EST,-0.4991479,-0.5564302,-0.4817312,-0.208252,-0.5762483,-0.4643262,-0.2771055,-0.1511758,-0.0913915,-0.0880334,-0.0335498,-0.0513644,-0.0659818,-0.0898658,-0.1956575,-0.1666478,-0.1488003,-0.2157231,-0.1947562,-0.2324903
Botswana,BWA,Regulatory Quality: Estimate,RQ.EST,0.6290287,0.7811234,0.7945626,0.6598923,0.6679586,0.5266036,0.4639552,0.4948993,0.4851633,0.4557317,0.4938449,0.6109335,0.5811184,0.5850612,0.4388786,0.5284874,0.464981,0.4491354,0.3692842,0.4159909
Brazil,BRA,Regulatory Quality: Estimate,RQ.EST,0.3616906,0.2966394,0.3096195,0.0334402,0.0392087,-0.0324615,-0.0254311,0.0539286,0.0994606,0.1524443,0.1653361,0.0939019,0.0734235,-0.0781973,-0.1926553,-0.2073155,-0.1500317,-0.3271396,-0.1784509,-0.1616535
Brunei Darussalam,BRN,Regulatory Quality: Estimate,RQ.EST,0.9879685,1.093588,1.033847,1.205879,0.9124033,0.9364097,0.9862139,0.7837868,1.087068,1.110249,1.154296,1.151749,1.105576,0.9851288,0.852387,0.5933974,0.7176718,0.6864314,0.6345204,0.9141998
Bulgaria,BGR,Regulatory Quality: Estimate,RQ.EST,0.1969915,0.5617083,0.6483253,0.6629305,0.6437926,0.5968993,0.6287009,0.6973,0.6694661,0.6495608,0.5438341,0.5632586,0.5389014,0.568319,0.5637681,0.6585177,0.6258183,0.5865343,0.5311002,0.5189232
Burkina Faso,BFA,Regulatory Quality: Estimate,RQ.EST,-0.1165311,-0.1145192,-0.3026677,-0.3306739,-0.4010216,-0.3436106,-0.2646435,-0.1939826,-0.1119205,-0.156401,-0.179535,-0.1188603,-0.1749993,-0.3089368,-0.3713624,-0.3973829,-0.4423672,-0.3727933,-0.3765482,-0.4172661
Burundi,BDI,Regulatory Quality: Estimate,RQ.EST,-1.172062,-1.263124,-1.172414,-1.196419,-1.364591,-1.202598,-1.244897,-1.243566,-1.155625,-1.115116,-1.012377,-0.9454027,-0.8779285,-0.7070148,-0.7104732,-0.8252589,-0.8344458,-0.9766567,-0.9489731,-1.01885
Cabo Verde,CPV,Regulatory Quality: Estimate,RQ.EST,0.0276704,-0.2386135,-0.1854206,-0.3214182,-0.3215024,-0.1844269,-0.1843312,-0.0399444,0.040309,-0.0326268,0.0736227,0.056366,-0.1007206,-0.1838116,-0.2646035,-0.2960399,-0.2038071,-0.2403039,-0.2246151,-0.0660532
Cambodia,KHM,Regulatory Quality: Estimate,RQ.EST,-0.1867374,-0.3118794,-0.4549186,-0.5114569,-0.5291467,-0.612581,-0.4819401,-0.4464538,-0.4859722,-0.4753461,-0.5836288,-0.3413971,-0.3383653,-0.4231628,-0.5250493,-0.4652204,-0.5016114,-0.5016222,-0.5689112,-0.6164084
Cameroon,CMR,Regulatory Quality: Estimate,RQ.EST,-0.5900958,-0.8739079,-0.839056,-0.6915929,-0.9296345,-0.8483388,-0.8477936,-0.8271499,-0.7615821,-0.7441876,-0.8069494,-0.9286842,-0.9374695,-0.8845948,-0.9170986,-0.7898978,-0.8213113,-0.798317,-0.8267207,-0.8171073
Canada,CAN,Regulatory Quality: Estimate,RQ.EST,1.523343,1.58165,1.557192,1.62667,1.566931,1.55885,1.605411,1.650838,1.699475,1.695867,1.691034,1.714616,1.739304,1.845022,1.717661,1.73882,1.889669,1.706076,1.716236,1.595805
Cayman Islands,CYM,Regulatory Quality: Estimate,RQ.EST,1.276005,1.468842,1.447286,1.472531,1.360657,1.350138,1.377706,1.146509,1.164975,1.15917,1.140772,1.108562,1.118897,0.8524853,0.8151542,0.7873485,0.7555286,0.9759164,0.9828503,1.054463
Central African Republic,CAF,Regulatory Quality: Estimate,RQ.EST,-0.8630769,-1.079601,-1.104644,-1.204948,-1.340983,-1.260503,-1.293416,-1.206067,-1.255856,-1.159351,-1.191609,-1.077462,-1.172318,-1.393427,-1.439941,-1.427307,-1.478067,-1.369948,-1.372842,-1.537033
Chad,TCD,Regulatory Quality: Estimate,RQ.EST,-0.751563,-0.8945824,-0.9071748,-0.854122,-1.236425,-1.102796,-1.133406,-1.175087,-1.06258,-1.068313,-1.025349,-1.072346,-0.9917988,-1.158972,-1.210751,-1.180022,-1.207961,-1.113601,-1.119378,-1.137971
Chile,CHL,Regulatory Quality: Estimate,RQ.EST,1.410081,1.44762,1.459134,1.402693,1.357459,1.473752,1.505748,1.518668,1.462517,1.438484,1.459092,1.538509,1.491449,1.494421,1.345232,1.373064,1.350113,1.335477,1.223731,1.052093
China,CHN,Regulatory Quality: Estimate,RQ.EST,-0.3392896,-0.513172,-0.3333692,-0.3086975,-0.1500192,-0.2011652,-0.1715566,-0.1547905,-0.2238316,-0.234011,-0.2214281,-0.2408196,-0.2879804,-0.2829926,-0.2894387,-0.2644748,-0.1467606,-0.1862563,-0.2445802,-0.0808021
Colombia,COL,Regulatory Quality: Estimate,RQ.EST,0.1026202,0.0282163,-0.0879301,-0.0465544,0.0079865,0.1017461,0.2413717,0.2619745,0.1482843,0.2534749,0.3592378,0.4006766,0.4028929,0.4962346,0.4654272,0.4020093,0.3411354,0.3176741,0.3965637,0.3171094
Comoros,COM,Regulatory Quality: Estimate,RQ.EST,-1.23706,-1.0955,-1.365606,-1.470375,-1.505809,-1.489534,-1.44984,-1.494797,-1.548741,-1.423614,-1.361312,-1.391064,-1.201662,-1.104208,-1.029055,-1.049556,-1.035068,-1.110248,-1.118452,-1.178481
Congo Dem. Rep.,COD,Regulatory Quality: Estimate,RQ.EST,-2.027446,-1.468978,-1.475788,-1.607705,-1.683722,-1.314578,-1.254051,-1.296066,-1.529051,-1.586182,-1.521802,-1.489312,-1.233635,-1.362629,-1.34549,-1.323978,-1.463433,-1.4711,-1.50859,-1.540846
Congo Rep.,COG,Regulatory Quality: Estimate,RQ.EST,-1.205544,-1.018046,-1.066752,-0.971538,-1.314487,-1.212756,-1.203904,-1.267693,-1.287886,-1.27373,-1.26487,-1.359338,-1.333404,-1.214696,-1.195739,-1.165628,-1.327535,-1.330903,-1.299283,-1.431044
Cook Islands,COK,Regulatory Quality: Estimate,RQ.EST,0.3882081,0.3826776,0.3189074,0.2594865,0.5601183,0.5904117,0.1443957,..,-0.9418253,-1.236971,-1.169229,-1.139807,-1.159103,..,..,..,..,..,..,..
Costa Rica,CRI,Regulatory Quality: Estimate,RQ.EST,0.5708783,0.3941818,0.6004493,0.5156232,0.5835223,0.381426,0.4184185,0.4572019,0.42198,0.4651055,0.4497046,0.5717511,0.5832982,0.5148572,0.5257646,0.4074337,0.3463587,0.4885781,0.4971444,0.4498657
Cote d'Ivoire,CIV,Regulatory Quality: Estimate,RQ.EST,-0.5123319,-0.4201515,-0.7841697,-0.9582267,-0.8962979,-0.9197752,-0.8458249,-0.9032416,-0.9707215,-0.9260469,-0.8695123,-0.764886,-0.7363843,-0.5945303,-0.504151,-0.3648906,-0.360639,-0.2026825,-0.2433622,-0.2758446
Croatia,HRV,Regulatory Quality: Estimate,RQ.EST,-0.0296176,0.3204752,0.5090582,0.5356511,0.5099912,0.4197808,0.4911637,0.5098007,0.5598809,0.5743341,0.5373026,0.4582827,0.4630746,0.3950692,0.3640225,0.3562783,0.4240429,0.5371523,0.5906433,0.43394
Cuba,CUB,Regulatory Quality: Estimate,RQ.EST,-1.232174,-1.285342,-1.424122,-1.596839,-1.314237,-1.429788,-1.556243,-1.497101,-1.603957,-1.671379,-1.626527,-1.560556,-1.583988,-1.325052,-1.22355,-1.338703,-1.328484,-1.459466,-1.486811,-1.504454
Cyprus,CYP,Regulatory Quality: Estimate,RQ.EST,1.137256,1.236986,1.214373,1.228797,1.221836,1.27707,1.331325,1.367876,1.362604,1.423306,1.236406,1.130751,0.9171373,1.098858,1.062325,1.052626,1.032462,0.8727556,1.012434,1.002475
Czech Republic,CZE,Regulatory Quality: Estimate,RQ.EST,0.7561927,1.200828,1.199913,1.069213,1.110906,1.108626,1.023206,1.15504,1.311661,1.299505,1.201138,1.05909,1.085486,1.005961,1.098858,0.986401,1.235234,1.275545,1.245235,1.241209
Denmark,DNK,Regulatory Quality: Estimate,RQ.EST,1.775641,1.761257,1.765266,1.759092,1.650685,1.803423,1.925144,1.873556,1.88179,1.876393,1.905198,1.806774,1.80997,1.687075,1.734574,1.575408,1.624285,1.636302,1.565141,1.790884
Djibouti,DJI,Regulatory Quality: Estimate,RQ.EST,-0.7061507,-0.5297803,-0.7159481,-0.6529379,-0.7841079,-0.7492219,-0.6964887,-0.6587294,-0.6138551,-0.6264775,-0.5363827,-0.4301984,-0.5223163,-0.5309218,-0.6991644,-0.7000202,-0.6394617,-0.6987826,-0.7714189,-0.8114574
Dominica,DMA,Regulatory Quality: Estimate,RQ.EST,0.5098609,0.7411213,0.8561718,0.6312476,0.785306,0.8861196,0.7435877,0.597471,0.5851444,0.4842022,0.3006368,0.3269264,0.310987,0.2735937,0.2325697,0.1990751,0.1290447,0.0760054,0.1002118,0.1959981
Dominican Republic,DOM,Regulatory Quality: Estimate,RQ.EST,-0.1367687,-0.2109499,-0.3293813,-0.427951,-0.384817,-0.2364229,-0.2375534,-0.192823,-0.1925166,-0.1522817,-0.1954342,-0.1042744,-0.0710712,-0.0368152,-0.037778,-0.065245,-0.0779919,-0.0690279,-0.0541752,-0.0137688
Ecuador,ECU,Regulatory Quality: Estimate,RQ.EST,-0.5439914,-0.6697202,-0.662545,-0.7163673,-0.7875217,-1.111778,-1.141479,-1.138787,-1.296207,-1.17082,-1.031473,-1.017313,-0.9281889,-1.00722,-1.157369,-1.018454,-1.059981,-0.8687586,-0.8239056,-0.8860091
Egypt Arab Rep.,EGY,Regulatory Quality: Estimate,RQ.EST,-0.3394417,-0.4829958,-0.5981286,-0.5084369,-0.4241044,-0.4357026,-0.2887296,-0.1824392,-0.1971762,-0.1746296,-0.3439164,-0.4751413,-0.6400837,-0.7625603,-0.8355927,-0.9231897,-0.8604551,-0.8642277,-0.8277446,-0.6885961
El Salvador,SLV,Regulatory Quality: Estimate,RQ.EST,0.142521,0.0165054,-0.1434313,0.0647052,-0.1772072,0.0363843,0.1926179,0.207267,0.3200334,0.3630272,0.47141,0.3254577,0.3131208,0.3188713,0.1963225,0.0939717,1.28E-06,0.0345772,0.02156,-0.0192273
Equatorial Guinea,GNQ,Regulatory Quality: Estimate,RQ.EST,-1.676723,-1.462748,-1.361234,-1.453584,-1.425849,-1.390018,-1.31468,-1.318621,-1.278897,-1.38044,-1.333177,-1.44463,-1.426211,-1.361805,-1.347726,-1.380239,-1.391826,-1.495596,-1.5199,-1.549407
Eritrea,ERI,Regulatory Quality: Estimate,RQ.EST,-0.9140913,-1.065616,-1.53494,-1.659135,-1.696157,-2.070662,-2.108099,-2.175177,-2.24367,-2.243315,-2.209826,-2.239072,-2.226172,-2.128177,-2.108709,-2.186823,-2.191784,-2.217407,-2.275069,-2.335106
Estonia,EST,Regulatory Quality: Estimate,RQ.EST,1.291119,1.388436,1.301432,1.300697,1.294085,1.294109,1.359947,1.419457,1.395184,1.390466,1.390989,1.417086,1.447542,1.676558,1.669039,1.698142,1.645036,1.55177,1.591255,1.535388
Eswatini,SWZ,Regulatory Quality: Estimate,RQ.EST,-0.4184498,-0.1606069,-0.3678929,-0.6331735,-0.50683,-0.5091868,-0.6498483,-0.5682011,-0.5422304,-0.6018894,-0.6367049,-0.550817,-0.3526331,-0.4643536,-0.5110121,-0.5762869,-0.5596761,-0.6556215,-0.6122754,-0.5570649
Ethiopia,ETH,Regulatory Quality: Estimate,RQ.EST,-1.140291,-1.206067,-1.156922,-0.9780463,-1.133831,-1.008481,-0.9442089,-0.8601215,-0.9303918,-0.8702891,-0.9997987,-1.047956,-1.118452,-1.065146,-1.031196,-1.101313,-1.004292,-0.9730066,-0.8888674,-0.9574109
Fiji,FJI,Regulatory Quality: Estimate,RQ.EST,-0.5156096,0.0758605,-0.2638021,-0.6317076,-0.3894851,-0.4221618,-0.4428151,-0.6782546,-0.9575822,-0.6676897,-0.4951043,-0.5786811,-0.5474498,-0.3826222,-0.3621247,-0.3770984,-0.223414,-0.2294028,-0.2190849,-0.1703498
Finland,FIN,Regulatory Quality: Estimate,RQ.EST,1.849333,1.866809,1.858854,1.790919,1.662623,1.601978,1.548008,1.610824,1.812506,1.87564,1.819748,1.829249,1.851513,1.884035,1.836381,1.817408,1.823055,1.78569,1.851164,1.854752
France,FRA,Regulatory Quality: Estimate,RQ.EST,0.9601255,1.016844,1.248102,1.22613,1.246632,1.240273,1.287171,1.284125,1.216958,1.312381,1.161314,1.130379,1.157089,1.078786,1.129694,1.070323,1.15951,1.156292,1.440412,1.195966
French Guiana,GUF,Regulatory Quality: Estimate,RQ.EST,1.034174,0.9802197,0.9595717,0.5303807,0.8663251,0.85605,0.877562,0.8945503,1.196152,1.235815,1.214001,1.271524,1.289985,1.458539,1.449475,1.428803,1.282006,1.30502,1.31416,1.185055
Gabon,GAB,Regulatory Quality: Estimate,RQ.EST,-0.1137367,-0.1623803,-0.1147544,-0.4556572,-0.1478942,-0.4083073,-0.5163361,-0.6336604,-0.5822802,-0.5477092,-0.5439157,-0.5915115,-0.6402615,-0.7929766,-0.797162,-0.7979104,-0.7849124,-0.9160169,-0.9569007,-0.8784322
Gambia,GMB,Regulatory Quality: Estimate,RQ.EST,-0.2734065,-0.5196086,-0.4638152,-0.4423981,-0.5525596,-0.4042953,-0.3740375,-0.4031689,-0.342745,-0.3987791,-0.2845533,-0.2281193,-0.3614394,-0.456939,-0.5086934,-0.5093247,-0.4470356,-0.6294979,-0.6648403,-0.6875781
Georgia,GEO,Regulatory Quality: Estimate,RQ.EST,-0.3892167,-0.7803031,-0.6249701,-0.4554018,-0.6019934,-0.1407454,0.2935729,0.4840172,0.5008053,0.5938427,0.6642455,0.6936821,0.7566072,0.9339862,0.9224599,1.008661,1.051975,1.125411,1.121732,1.108767
Germany,DEU,Regulatory Quality: Estimate,RQ.EST,1.514805,1.558397,1.534465,1.479608,1.516365,1.569094,1.615169,1.488769,1.519109,1.573053,1.554825,1.536132,1.553044,1.703043,1.723078,1.817016,1.786195,1.762925,1.72319,1.582715
Ghana,GHA,Regulatory Quality: Estimate,RQ.EST,-0.0673863,-0.4483666,-0.2621369,-0.3660312,-0.1254053,-0.0638116,-0.048031,-0.0368968,0.0803972,0.1159474,0.1248741,0.1281278,0.0846051,-0.0057965,-0.0312539,-0.2325097,-0.1366017,-0.0945598,-0.111198,0.0001739
Greece,GRC,Regulatory Quality: Estimate,RQ.EST,0.7773918,0.9866242,1.01993,0.8453354,0.9607569,0.8585035,0.8947076,0.880909,0.8366709,0.6446643,0.4964582,0.5269415,0.6334165,0.3293375,0.409623,0.1483869,0.2400272,0.4137779,0.5299369,0.5500144
Greenland,GRL,Regulatory Quality: Estimate,RQ.EST,..,..,..,..,..,..,..,..,1.350403,1.364372,1.330946,1.375133,1.397566,1.378306,1.353184,1.334686,1.324179,1.368418,1.36094,1.383762
Grenada,GRD,Regulatory Quality: Estimate,RQ.EST,0.4611357,0.436121,0.4459924,0.21149,0.3502735,0.5129459,0.4346262,0.2976362,0.3002185,0.3645605,0.2856542,0.2892919,0.2841353,0.191698,0.0900918,0.084025,-0.0537086,-0.2970077,-0.3141913,-0.1702272
Guam,GUM,Regulatory Quality: Estimate,RQ.EST,..,..,..,0.7236423,0.619159,0.6090057,0.6274899,0.6425917,0.6548098,0.6446683,0.6357366,0.6043823,0.6065512,0.1808667,0.1724523,0.1366879,0.1130226,0.083821,0.0823676,0.542098
Guatemala,GTM,Regulatory Quality: Estimate,RQ.EST,-0.1335642,-0.157743,-0.346035,-0.2006779,-0.4467168,-0.2486923,-0.2287212,-0.1782018,-0.1505856,-0.152868,-0.1333846,-0.1723127,-0.2037375,-0.1920252,-0.2162642,-0.2024315,-0.2546685,-0.1895691,-0.2246763,-0.1747904
Guinea,GIN,Regulatory Quality: Estimate,RQ.EST,-0.6041963,-0.981784,-0.9434079,-0.946652,-1.079883,-1.228478,-1.229044,-1.212222,-1.139881,-1.090813,-1.00923,-1.020365,-1.001378,-1.056362,-0.8706912,-0.8676737,-0.8362353,-0.7780746,-0.7695868,-0.8336266
Guinea-Bissau,GNB,Regulatory Quality: Estimate,RQ.EST,-1.171995,-0.9710209,-0.8101195,-1.069146,-1.11762,-0.9375241,-1.090201,-1.198117,-1.183313,-1.138213,-1.123603,-1.226237,-1.261222,-1.19097,-1.203109,-1.235827,-1.179392,-1.20156,-1.232575,-1.263349
Guyana,GUY,Regulatory Quality: Estimate,RQ.EST,-0.148654,-0.3693794,-0.3125851,-0.3731754,-0.4914171,-0.6092052,-0.6080967,-0.5650511,-0.6066553,-0.5781122,-0.6573113,-0.6195107,-0.6017043,-0.5261358,-0.5150861,-0.4165162,-0.3920297,-0.5476355,-0.621398,-0.550658
Haiti,HTI,Regulatory Quality: Estimate,RQ.EST,-0.8997458,-1.02236,-1.029715,-1.353273,-1.210616,-0.85383,-0.8251184,-0.7642485,-0.9313185,-1.028822,-1.052692,-0.9403833,-0.9334102,-1.065349,-1.170394,-1.238312,-1.314021,-1.261063,-1.259841,-1.214759
Honduras,HND,Regulatory Quality: Estimate,RQ.EST,-0.3238879,-0.4053921,-0.4888186,-0.3480996,-0.6264381,-0.4700296,-0.2864851,-0.3067068,-0.2998717,-0.2230574,-0.1339601,-0.192711,-0.186378,-0.398392,-0.3959342,-0.513028,-0.4349952,-0.4489721,-0.4932474,-0.4955445
Hong Kong SAR China,HKG,Regulatory Quality: Estimate,RQ.EST,1.82743,1.726787,1.927398,1.959316,1.789343,1.935577,1.983542,1.954163,1.819855,1.87657,1.78208,1.948253,1.929717,2.057507,2.189884,2.153887,2.166828,2.226014,1.983565,1.787972
Hungary,HUN,Regulatory Quality: Estimate,RQ.EST,1.090353,1.313026,1.116598,1.16464,1.068541,1.21221,1.19106,1.195643,1.081764,1.016507,1.032593,0.9879707,0.9061847,0.7519903,0.7662329,0.6034219,0.6519235,0.57471,0.6035496,0.4816817
Iceland,ISL,Regulatory Quality: Estimate,RQ.EST,1.613703,1.552962,1.662568,1.622952,1.603446,1.526913,1.509135,1.310709,1.01575,0.9226791,1.057036,1.119306,1.14007,1.217898,1.273735,1.276847,1.434839,1.41555,1.3731,1.448037
India,IND,Regulatory Quality: Estimate,RQ.EST,-0.1560733,-0.3541076,-0.3484355,-0.4284641,-0.2887118,-0.2798955,-0.3048282,-0.389451,-0.3267712,-0.3786293,-0.3445381,-0.4727815,-0.4706369,-0.4477591,-0.3914646,-0.306505,-0.2529919,-0.2273288,-0.1609437,-0.1377745
Indonesia,IDN,Regulatory Quality: Estimate,RQ.EST,-0.206866,-0.6400325,-0.795902,-0.7015996,-0.6254227,-0.3844717,-0.3449852,-0.3482862,-0.3617966,-0.415857,-0.3519141,-0.2787625,-0.1954409,-0.1076597,-0.2175578,-0.1223439,-0.1051562,-0.1469696,-0.0943936,0.0776586
Iran Islamic Rep.,IRN,Regulatory Quality: Estimate,RQ.EST,-1.654209,-1.292133,-1.177272,-1.255103,-1.202849,-1.463337,-1.616982,-1.63188,-1.72011,-1.70872,-1.5206,-1.425133,-1.493414,-1.457999,-1.311571,-1.229369,-1.198042,-1.375782,-1.423213,-1.458911
Iraq,IRQ,Regulatory Quality: Estimate,RQ.EST,-2.202034,-1.99022,-1.413458,-1.646048,-1.533039,-1.392466,-1.320034,-1.147853,-1.006559,-1.050617,-1.09234,-1.250252,-1.238699,-1.2541,-1.23746,-1.125068,-1.200509,-1.167922,-1.180387,-1.376893
Ireland,IRL,Regulatory Quality: Estimate,RQ.EST,1.848545,1.769485,1.617235,1.57729,1.489262,1.837013,1.849392,1.91417,1.698822,1.620827,1.600839,1.571007,1.582879,1.764863,1.818874,1.740965,1.588018,1.627818,1.602042,1.473795
Israel,ISR,Regulatory Quality: Estimate,RQ.EST,1.129896,0.9596179,0.938236,0.826647,0.8639424,0.9978138,1.100534,1.171127,1.101107,1.216991,1.316737,1.177436,1.166611,1.216221,1.272598,1.31263,1.274343,1.24631,1.281105,1.24164
Italy,ITA,Regulatory Quality: Estimate,RQ.EST,0.8340189,0.9443859,1.077558,1.094056,0.998329,0.9774947,0.9405472,0.9747458,0.9684786,0.8963356,0.7177325,0.7499914,0.7847136,0.6418828,0.7288107,0.7105919,0.7062215,0.7260119,0.9550502,0.5030249
Jamaica,JAM,Regulatory Quality: Estimate,RQ.EST,0.1915762,0.2366385,0.252219,0.1983566,0.2004285,0.2662234,0.3063483,0.2900946,0.2654243,0.2788525,0.2925725,0.2349755,0.2331972,0.148625,0.1059551,0.1638434,0.1452674,0.2019037,0.1675474,0.0893666
Japan,JPN,Regulatory Quality: Estimate,RQ.EST,0.8396158,0.5304578,1.102628,1.143969,1.260381,1.260638,1.129072,1.131932,1.098667,1.018737,1.079391,1.143813,1.115993,1.142823,1.217743,1.428122,1.376554,1.342974,1.32707,1.353819
Jersey Channel Islands,JEY,Regulatory Quality: Estimate,RQ.EST,..,..,..,..,..,..,..,..,..,..,1.124197,1.160963,1.185023,1.166139,1.142126,0.6987037,0.6827301,0.7143798,0.9228272,0.9422368
Jordan,JOR,Regulatory Quality: Estimate,RQ.EST,0.2559679,0.0447482,0.205446,0.2934837,0.0972653,0.3304124,0.305014,0.3165545,0.2738815,0.2260692,0.2954305,0.1936769,0.1359051,0.076422,0.0833356,0.0516795,0.0671736,0.0274591,0.034222,0.2255307
Kazakhstan,KAZ,Regulatory Quality: Estimate,RQ.EST,-0.5919851,-0.6957945,-0.4185913,-0.4818529,-0.299068,-0.3637764,-0.3817636,-0.3405128,-0.3186216,-0.3300233,-0.2447563,-0.3750818,-0.3668912,-0.2515877,-0.0329584,-0.0997007,0.1709108,0.1237323,0.1369649,0.1395519
Kenya,KEN,Regulatory Quality: Estimate,RQ.EST,-0.2711834,-0.1461718,-0.2523673,-0.27502,-0.2711389,-0.193215,-0.248019,-0.215304,-0.1474386,-0.0816785,-0.2145242,-0.299869,-0.3002482,-0.3161606,-0.3124211,-0.3003297,-0.2316267,-0.2248414,-0.2769634,-0.4419633
Kiribati,KIR,Regulatory Quality: Estimate,RQ.EST,-0.9543953,-0.9817631,-0.8289253,-0.5248364,-0.9259279,-0.9842259,-1.07841,-1.175143,-1.214176,-1.335582,-1.40459,-1.32738,-1.347343,-0.919149,-0.8764771,-0.8390459,-0.8283504,-0.7787298,-0.6233603,-0.5734185
Korea Dem. People's Rep.,PRK,Regulatory Quality: Estimate,RQ.EST,-2.178509,-1.877181,-2.036229,-2.266795,-2.274059,-2.279974,-2.273525,-2.186227,-2.396361,-2.445396,-2.454963,-2.5281,-2.529559,-2.188986,-2.325878,-2.331718,-2.340901,-2.360641,-2.396936,-2.339893
Korea Rep.,KOR,Regulatory Quality: Estimate,RQ.EST,0.5951458,0.8213381,0.7665258,0.7992983,0.8216798,0.7479267,0.9040993,0.7318411,0.8404045,0.934835,0.9885986,0.8941596,0.9912655,1.110693,1.113389,1.114325,1.107531,1.102432,1.069908,1.033297
Kosovo,XKX,Regulatory Quality: Estimate,RQ.EST,..,..,..,..,..,..,0.0396902,-0.01472,0.1080052,-0.0533851,-0.1199262,-0.0196275,-0.0244497,-0.1515047,-0.2967811,-0.1888688,-0.1341557,-0.3233016,-0.3465151,-0.2945844
Kuwait,KWT,Regulatory Quality: Estimate,RQ.EST,-0.0305208,0.3633764,0.4107331,0.5666956,0.4733854,0.2953306,0.2594693,0.1745221,0.1535748,0.1599515,0.0832637,-0.0365543,-0.0714554,-0.1453513,-0.173127,-0.073882,-0.0605019,0.0255093,0.06495,0.2879493
Kyrgyz Republic,KGZ,Regulatory Quality: Estimate,RQ.EST,-0.0829639,-0.1133134,-0.3711547,-0.321624,-1.00521,-0.6635196,-0.4147838,-0.3503863,-0.331769,-0.2512726,-0.210015,-0.3320781,-0.3130327,-0.434673,-0.5026596,-0.3526321,-0.3495833,-0.3527106,-0.3474807,-0.4046249
Lao PDR,LAO,Regulatory Quality: Estimate,RQ.EST,-1.412353,-1.301713,-1.400387,-1.28841,-1.325425,-1.270539,-1.176816,-1.143482,-1.071857,-1.015746,-0.9776725,-0.81996,-0.8398464,-0.8496193,-0.8064563,-0.7248681,-0.7200474,-0.7734566,-0.7129982,-0.8009471
Latvia,LVA,Regulatory Quality: Estimate,RQ.EST,0.7483771,0.8889499,0.9609982,0.9735729,0.9258149,0.9998425,1.007933,1.024673,0.9855881,0.9836758,0.9598081,1.016595,1.043866,1.171654,1.0888,1.080243,1.157015,1.142373,1.192789,1.187873
Lebanon,LBN,Regulatory Quality: Estimate,RQ.EST,-0.3672759,-0.3578168,-0.1073055,-0.0853327,-0.164786,-0.2069547,-0.2571481,-0.2471723,-0.0513447,0.0541962,-0.0588083,-0.1176805,-0.0763563,-0.2503474,-0.2948107,-0.3431615,-0.3062975,-0.3667725,-0.425267,-0.6311523
Lesotho,LSO,Regulatory Quality: Estimate,RQ.EST,-0.3454552,-0.3902856,-0.4950117,-0.5752791,-0.6360288,-0.6707316,-0.6988299,-0.6459164,-0.6248962,-0.5963897,-0.6056187,-0.5237986,-0.3541136,-0.4116735,-0.3962424,-0.3875899,-0.320848,-0.5002583,-0.5353864,-0.5658796
Liberia,LBR,Regulatory Quality: Estimate,RQ.EST,-1.724857,-1.680678,-1.628062,-1.857852,-1.577216,-1.473984,-1.196742,-1.341423,-1.196836,-1.056976,-1.091914,-1.050237,-0.9119042,-0.8632321,-0.8650306,-0.9484934,-0.9444501,-0.9590582,-0.9789841,-1.002027
Libya,LBY,Regulatory Quality: Estimate,RQ.EST,-1.78758,-1.611041,-1.479442,-1.353209,-1.483219,-1.460345,-1.107053,-0.9078937,-1.140678,-1.190293,-1.538268,-1.6565,-1.85995,-2.120511,-2.232313,-2.274461,-2.214244,-2.28391,-2.347087,-2.321581
Liechtenstein,LIE,Regulatory Quality: Estimate,RQ.EST,1.517836,1.713153,1.691144,1.569162,1.607823,1.350138,1.377706,1.398468,1.515809,1.527577,1.502858,1.559538,1.580631,1.428384,1.389856,1.372598,1.496659,1.529928,1.540941,1.624495
Lithuania,LTU,Regulatory Quality: Estimate,RQ.EST,0.7643174,1.066879,1.039053,1.125147,1.003807,0.9738994,1.084034,1.123981,0.953743,0.962145,0.9313331,1.123943,1.154193,1.193723,1.277035,1.136219,1.15865,1.101966,1.157465,1.088133
Luxembourg,LUX,Regulatory Quality: Estimate,RQ.EST,1.917899,1.916083,1.821142,1.794739,1.639679,1.674969,1.7364,1.65793,1.646159,1.676335,1.865481,1.767417,1.780547,1.630896,1.658029,1.722079,1.694264,1.757189,1.70002,1.842214
Macao SAR China,MAC,Regulatory Quality: Estimate,RQ.EST,0.5505125,0.7359084,1.203429,1.59332,1.113491,1.103094,0.877562,1.027288,1.282933,1.351629,1.337743,1.355734,1.34744,1.73222,1.77244,1.781477,1.759938,1.612415,1.627207,1.737686
Madagascar,MDG,Regulatory Quality: Estimate,RQ.EST,-0.4321494,-0.2410899,-0.2503695,-0.3167834,-0.2185342,-0.1742754,-0.210702,-0.3250708,-0.5246624,-0.5662374,-0.5281697,-0.5632995,-0.6486014,-0.6921741,-0.7651789,-0.6897418,-0.6926262,-0.7339826,-0.7298915,-0.7433639
Malawi,MWI,Regulatory Quality: Estimate,RQ.EST,-0.2123383,-0.4904278,-0.4490207,-0.5353156,-0.4705365,-0.5059555,-0.4459907,-0.483631,-0.4488389,-0.5748214,-0.7004287,-0.7030605,-0.6850817,-0.8000299,-0.8180815,-0.8448486,-0.7469076,-0.6789179,-0.7013465,-0.7217206
Malaysia,MYS,Regulatory Quality: Estimate,RQ.EST,0.5629202,0.5554124,0.6254485,0.4722339,0.6416844,0.5509718,0.506119,0.3163688,0.3036891,0.5889426,0.5820687,0.5704837,0.636703,0.8377209,0.7526733,0.7117952,0.7246627,0.6988706,0.6732683,0.7720808
Maldives,MDV,Regulatory Quality: Estimate,RQ.EST,0.7150751,0.8039562,0.6725519,-0.0597464,0.5065991,0.3960325,0.0729743,-0.3537485,-0.3694029,-0.3632856,-0.3682638,-0.3797219,-0.4310798,-0.3442715,-0.4149505,-0.457905,-0.4215108,-0.4773244,-0.4793369,-0.4917062
Mali,MLI,Regulatory Quality: Estimate,RQ.EST,-0.1045932,-0.429817,-0.4881367,-0.4792282,-0.5534297,-0.4555993,-0.358832,-0.4054857,-0.4086943,-0.4931963,-0.3982912,-0.4108,-0.4960637,-0.6023568,-0.577987,-0.5908752,-0.5714288,-0.5553012,-0.5732464,-0.6080129
Malta,MLT,Regulatory Quality: Estimate,RQ.EST,1.14995,1.102868,1.181439,1.134123,1.062275,1.115418,1.144283,1.201846,1.366899,1.430892,1.339909,1.327936,1.298451,1.083089,1.168855,1.156792,1.284921,1.336544,0.9557325,1.219251
Marshall Islands,MHL,Regulatory Quality: Estimate,RQ.EST,-0.6619083,-0.4883981,-0.4661145,-0.853386,-0.7597152,-0.9324962,-0.9060721,-0.6738319,-0.9941752,-0.9824685,-1.004596,-1.047201,-1.088059,-0.9499308,-1.121721,-0.9765467,-1.028267,-1.156026,-1.117219,-1.103951
Martinique,MTQ,Regulatory Quality: Estimate,RQ.EST,1.034174,0.9802197,0.9595717,0.8202731,0.8663251,0.85605,0.877562,0.8945503,0.9059341,0.8936761,0.8811754,0.8455312,0.8467881,1.237166,1.283185,1.23882,1.209727,1.193258,1.228282,0.9409034
Mauritania,MRT,Regulatory Quality: Estimate,RQ.EST,-0.3738819,0.338653,-0.0466674,-0.057796,-0.372204,-0.4302672,-0.4584383,-0.644522,-0.6849827,-0.8279694,-0.7813443,-0.6368836,-0.654506,-0.8066694,-0.8694826,-0.7430018,-0.774446,-0.8109413,-0.7590866,-0.8073273
Mauritius,MUS,Regulatory Quality: Estimate,RQ.EST,0.6067637,0.5811971,0.6068215,0.4244867,0.4771075,0.5653766,0.5221999,0.7931436,0.8609337,0.8890533,0.8378959,0.9906248,0.9399689,1.12727,1.091458,1.029757,1.028536,1.018246,0.9961087,1.126
Mexico,MEX,Regulatory Quality: Estimate,RQ.EST,0.2536656,0.4532809,0.3637139,0.4268156,0.1944254,0.3782291,0.3878794,0.3382414,0.2248415,0.2527093,0.2799248,0.4771238,0.4689431,0.4259591,0.3577256,0.2871219,0.2787054,0.1582261,0.1037782,0.0767781
Micronesia Fed. Sts.,FSM,Regulatory Quality: Estimate,RQ.EST,-0.8420197,-0.5740715,-0.4378658,0.0345296,0.2897122,0.1946159,-0.3510387,-0.552493,-0.8125128,-0.8759015,-0.8908712,-0.9492707,-0.9383808,-1.033337,-0.9827493,-0.9661163,-0.9869629,-0.9650339,-0.9604086,-0.9548313
Moldova,MDA,Regulatory Quality: Estimate,RQ.EST,-0.2867666,-0.4019714,-0.4499911,-0.444058,-0.4585297,-0.3446201,-0.277912,-0.1803459,-0.1278222,-0.103798,-0.0842205,-0.1027179,-0.0732874,0.0194689,-0.0662931,-0.1148862,-0.0374159,-0.0308212,0.0097272,0.0425393
Monaco,MCO,Regulatory Quality: Estimate,RQ.EST,..,..,..,..,..,..,..,..,..,..,..,..,..,..,..,..,..,..,..,..
Mongolia,MNG,Regulatory Quality: Estimate,RQ.EST,-0.0739469,-0.0598696,-0.4412478,-0.3911002,-0.4919476,-0.3254844,-0.2776507,-0.3374487,-0.2979653,-0.2405613,-0.2219121,-0.2068852,-0.3235871,-0.2714638,-0.3505109,-0.0763125,-0.1161962,0.0233944,-0.0118551,-0.0923367
Montenegro,MNE,Regulatory Quality: Estimate,RQ.EST,..,..,..,..,-0.1287619,-0.3314977,-0.1782944,-0.126968,-0.0436491,-0.0657089,-0.0579515,0.0213996,0.0655326,0.1265586,0.2267932,0.2244326,0.298581,0.3540395,0.364373,0.3970378
Morocco,MAR,Regulatory Quality: Estimate,RQ.EST,-0.0335292,-0.1391914,-0.2656455,-0.2473502,-0.4104842,-0.183422,-0.2163792,-0.1880394,-0.0602428,-0.0808093,-0.1170862,-0.0831831,-0.116067,-0.1303917,-0.1707448,-0.2349505,-0.2271556,-0.2858383,-0.2115421,-0.1172722
Mozambique,MOZ,Regulatory Quality: Estimate,RQ.EST,-0.1619026,-0.3134336,-0.53054,-0.4852061,-0.7077828,-0.5614842,-0.5535753,-0.4501007,-0.3936403,-0.3978509,-0.4318583,-0.4481838,-0.4026927,-0.4053305,-0.5003937,-0.7045604,-0.7280922,-0.7524768,-0.7245978,-0.6904809
Myanmar,MMR,Regulatory Quality: Estimate,RQ.EST,-2.044331,-2.055723,-1.998693,-2.344109,-2.120716,-2.190411,-2.267615,-2.213595,-2.23668,-2.24437,-2.102423,-1.834624,-1.494474,-1.380308,-1.222467,-0.8683162,-0.8298815,-0.7480327,-0.7607889,-0.6322959
Namibia,NAM,Regulatory Quality: Estimate,RQ.EST,0.2782966,0.5160318,0.2294746,0.1534386,0.1201045,0.1181504,-0.0321183,0.1697315,0.108871,0.085406,0.0454652,0.0758575,0.0850998,-0.018652,-0.0897799,-0.1359364,-0.1885961,-0.1155679,-0.1093711,-0.1089674
Nauru,NRU,Regulatory Quality: Estimate,RQ.EST,..,..,..,..,..,..,-0.6938866,-0.8708317,-1.008255,-1.045812,-1.079763,-1.186479,-1.378451,-1.238945,-1.223166,-0.3848716,-1.096113,-0.1430661,-0.0331743,0.1107325
Nepal,NPL,Regulatory Quality: Estimate,RQ.EST,-0.5050797,-0.5237504,-0.3769773,-0.5373344,-0.5256447,-0.5192395,-0.5675968,-0.6235901,-0.7066754,-0.7441027,-0.7225809,-0.7998764,-0.8489474,-0.8319318,-0.7995815,-0.7645323,-0.71452,-0.7379818,-0.7012125,-0.6962198
Netherlands,NLD,Regulatory Quality: Estimate,RQ.EST,2.098008,1.870408,1.750716,1.776129,1.655154,1.682698,1.799105,1.775021,1.699952,1.731538,1.811241,1.753006,1.770449,1.769266,1.799031,1.976167,2.050719,2.019616,1.861228,1.753378
Netherlands Antilles,ANT,Regulatory Quality: Estimate,RQ.EST,..,..,..,0.6511692,0.8663251,0.85605,0.877562,0.8945503,0.9059341,0.8936761,0.8811754,0.8455312,0.8467881,..,..,..,..,..,..,..
New Zealand,NZL,Regulatory Quality: Estimate,RQ.EST,1.735728,1.610015,1.683347,1.763689,1.632703,1.695402,1.714808,1.799816,1.826804,1.814871,1.970794,1.852507,1.828891,1.950351,1.920748,2.038275,2.09194,2.006682,1.881057,1.877044
Nicaragua,NIC,Regulatory Quality: Estimate,RQ.EST,-0.1314913,-0.392733,-0.376096,-0.3066226,-0.4454578,-0.4307803,-0.4456767,-0.4101914,-0.43041,-0.282892,-0.3410783,-0.2953102,-0.2932877,-0.3933742,-0.3944113,-0.5067052,-0.6706238,-0.7042721,-0.6889327,-0.6596352
Niger,NER,Regulatory Quality: Estimate,RQ.EST,-0.5738533,-0.6775939,-0.6144285,-0.5826002,-0.4114659,-0.4932139,-0.5021631,-0.4236389,-0.4834641,-0.5173832,-0.5308044,-0.5946409,-0.5633752,-0.7179123,-0.7289673,-0.6713569,-0.6779783,-0.638694,-0.6683207,-0.7429972
Nigeria,NGA,Regulatory Quality: Estimate,RQ.EST,-0.7479506,-1.21619,-1.245469,-1.351967,-0.7606229,-0.9072622,-0.8890194,-0.80224,-0.7460872,-0.7274519,-0.6811808,-0.7124425,-0.659629,-0.8163823,-0.8505214,-0.9188931,-0.8839844,-0.804415,-0.8609191,-0.9626663
Niue,NIU,Regulatory Quality: Estimate,RQ.EST,..,..,..,..,..,..,..,..,-0.9418253,-0.9783322,-0.9360021,-0.9050641,-0.921079,..,..,..,..,..,..,..
North Macedonia,MKD,Regulatory Quality: Estimate,RQ.EST,-0.133277,-0.1882659,-0.1837676,-0.0460693,-0.234497,-0.0479724,0.1087835,0.2222244,0.2865948,0.3209654,0.3198009,0.3522735,0.3300218,0.4827735,0.4317179,0.4409401,0.5044911,0.5655299,0.5084947,0.5077904
Norway,NOR,Regulatory Quality: Estimate,RQ.EST,1.157422,1.264643,1.34019,1.449231,1.479817,1.22142,1.329298,1.372778,1.467539,1.514319,1.609021,1.546811,1.666547,1.646469,1.606871,1.697963,1.816498,1.790837,1.8042,1.698057
Oman,OMN,Regulatory Quality: Estimate,RQ.EST,0.0810051,0.7223601,0.7062459,0.6554562,0.5504777,0.6049306,0.613822,0.6958894,0.5277063,0.4445483,0.3236573,0.4715728,0.4758003,0.6923888,0.5745103,0.6104661,0.422777,0.1731074,0.2924988,0.4590778
Pakistan,PAK,Regulatory Quality: Estimate,RQ.EST,-0.7600321,-0.780275,-0.7143597,-0.9052928,-0.6401119,-0.4835909,-0.5329705,-0.5982134,-0.5784156,-0.5967962,-0.6340992,-0.7171134,-0.7003065,-0.6828627,-0.627013,-0.6395842,-0.5919536,-0.6377932,-0.6441157,-0.7166667
Palau,PLW,Regulatory Quality: Estimate,RQ.EST,..,..,..,..,..,..,..,-0.6974456,-0.825646,-0.8723449,-0.8956047,-0.993196,-0.9926907,-0.8197579,-0.8063775,-0.17747,-0.5965419,-0.0574309,-0.0075199,0.0600498
Panama,PAN,Regulatory Quality: Estimate,RQ.EST,0.5823151,0.4843094,0.3385739,0.2614431,0.1749342,0.3194317,0.3723588,0.6200064,0.369856,0.3807888,0.4256283,0.3772442,0.3634679,0.371192,0.3525367,0.3606293,0.3875535,0.3578646,0.3612367,0.3191189
Papua New Guinea,PNG,Regulatory Quality: Estimate,RQ.EST,-0.4689761,-0.5846058,-0.6345726,-0.7780001,-0.9864236,-0.7629742,-0.598905,-0.6860101,-0.5720045,-0.5588585,-0.5160761,-0.5122686,-0.5095565,-0.3448819,-0.5526034,-0.5559897,-0.651908,-0.5347608,-0.5426779,-0.6815091
Paraguay,PRY,Regulatory Quality: Estimate,RQ.EST,-0.8216776,-0.567491,-0.7236943,-0.7311249,-0.8488888,-0.6907392,-0.5868172,-0.5159901,-0.4446054,-0.3556239,-0.3714205,-0.321478,-0.3103102,-0.2830149,-0.270921,-0.2999762,-0.3021692,-0.0753872,-0.2042026,-0.2023511
Peru,PER,Regulatory Quality: Estimate,RQ.EST,0.4397036,0.0160937,0.1603966,0.2127779,0.031204,0.1347653,0.2779833,0.3453731,0.3866532,0.4503337,0.4635442,0.4919731,0.458948,0.5209098,0.491347,0.5083464,0.4183767,0.49744,0.5636055,0.5264729
Philippines,PHL,Regulatory Quality: Estimate,RQ.EST,0.1180455,-0.095482,-0.0476736,-0.2989835,-0.1802779,-0.169674,-0.1158655,-0.0786918,-0.1061816,-0.2335325,-0.2276281,-0.0611084,-0.0719822,-0.0368149,-0.0430832,-0.0041014,0.019665,-0.0615247,0.0083691,0.0299304
Poland,POL,Regulatory Quality: Estimate,RQ.EST,0.7536228,0.7710903,0.7435727,0.8242418,0.8279473,0.7275952,0.7722009,0.8322434,0.9520382,0.9808911,0.9282178,0.9604836,1.04645,1.054908,1.000138,0.9519957,0.881161,0.9425502,1.013399,0.8859966
Portugal,PRT,Regulatory Quality: Estimate,RQ.EST,0.9643233,1.291456,1.255014,1.19687,1.280887,1.065522,1.08139,1.100412,0.9914032,0.7198218,0.6259704,0.8269463,0.8041509,0.7499732,0.9568518,0.844399,0.9111117,0.8849584,0.9698351,0.8331245
Puerto Rico,PRI,Regulatory Quality: Estimate,RQ.EST,1.276005,1.224531,1.203429,0.8685885,1.113491,1.103094,0.9981669,1.02256,0.8891332,0.8572922,0.8591784,0.920635,0.8535097,0.8947352,0.9857846,0.9498481,0.8722246,0.9458223,0.7320309,0.793277
Qatar,QAT,Regulatory Quality: Estimate,RQ.EST,0.000946,0.3012286,0.2262909,0.165395,0.2634854,0.3091292,0.3998939,0.6455752,0.6843668,0.5984103,0.5006636,0.801358,0.7469117,0.5732973,0.6785886,0.6959444,0.4202242,0.5984121,0.6793981,0.8512264
Reunion,REU,Regulatory Quality: Estimate,RQ.EST,..,..,..,1.206796,1.113491,1.103094,1.127634,1.146509,1.157058,1.142684,1.126614,1.08668,1.087025,1.237166,1.283185,1.23882,1.209727,1.193258,1.228282,0.9409034
Romania,ROU,Regulatory Quality: Estimate,RQ.EST,-0.1087842,0.0386783,-0.0411463,0.1644221,0.2342906,0.4625684,0.507854,0.5807096,0.6027623,0.6428855,0.6582558,0.5546572,0.6117656,0.5813455,0.5967953,0.5874754,0.4881797,0.4241509,0.4615858,0.3826097
Russian Federation,RUS,Regulatory Quality: Estimate,RQ.EST,-0.5793793,-0.2448798,-0.1538669,-0.1178624,-0.1315329,-0.4042563,-0.2962315,-0.3910525,-0.335987,-0.3532888,-0.3491683,-0.3381374,-0.3516815,-0.3886238,-0.5207789,-0.4155626,-0.4741596,-0.5028223,-0.4316002,-0.4377571
Rwanda,RWA,Regulatory Quality: Estimate,RQ.EST,-1.008388,-0.7136751,-0.7117509,-0.6645405,-0.9752049,-0.6567397,-0.6372008,-0.5066115,-0.3198239,-0.1971854,-0.1439268,-0.0998168,0.0066703,0.2464919,0.2429835,0.1071192,0.146575,0.0867606,0.0775343,0.1564013
Samoa,WSM,Regulatory Quality: Estimate,RQ.EST,0.0602198,0.0353455,0.0710034,-0.0288072,-0.0595889,-0.0553739,-0.0678687,-0.2739873,-0.2328436,-0.2526039,-0.3039227,-0.3334909,-0.2487883,-0.1868363,-0.0804414,-0.1030717,-0.0800506,-0.1136799,-0.2246639,-0.2006688
San Marino,SMR,Regulatory Quality: Estimate,RQ.EST,..,..,..,..,..,..,..,..,..,..,..,..,..,..,..,..,..,..,..,..
Sao Tome and Principe,STP,Regulatory Quality: Estimate,RQ.EST,-0.7480749,-0.4584619,-0.5693606,-0.8301845,-0.8662047,-0.6446061,-0.7458607,-0.7074816,-0.7418562,-0.844986,-0.7282254,-0.7845786,-0.7929333,-0.7993983,-0.7713445,-0.8124583,-0.8314196,-0.8397979,-0.906838,-0.9014867
Saudi Arabia,SAU,Regulatory Quality: Estimate,RQ.EST,-0.1033548,-0.045104,0.113586,0.0499324,0.114249,-0.0447374,0.018983,0.1200698,0.1607207,0.1612306,0.0281195,0.1031542,0.0827896,-0.003618,0.0251311,0.0793312,0.0007821,-0.0758674,-0.0681779,0.2643954
Senegal,SEN,Regulatory Quality: Estimate,RQ.EST,-0.0974698,-0.1659428,-0.209492,-0.2640057,-0.2386367,-0.3104712,-0.353941,-0.321682,-0.2981089,-0.2784313,-0.2141801,-0.0812536,-0.047789,-0.2196877,-0.1575582,-0.1430723,-0.1465519,-0.1100483,-0.1123866,-0.2078334
Serbia,SRB,Regulatory Quality: Estimate,RQ.EST,-0.8563468,-0.6174521,-0.5854211,-0.4465472,-0.5829304,-0.4431247,-0.3422168,-0.2899177,-0.1261082,-0.022394,0.0252941,-0.0633781,-0.0611573,0.1412161,0.155342,0.0562996,0.0095592,0.1292206,0.1321523,0.1202637
Seychelles,SYC,Regulatory Quality: Estimate,RQ.EST,-0.806029,-0.6492646,-0.1209602,-0.8728689,-0.0288438,-0.6226172,-0.8547176,-0.6558671,-0.5540638,-0.4953183,-0.3770286,-0.2842706,-0.2841012,-0.3328607,-0.0918801,-0.2591546,-0.1759432,-0.1609532,-0.1536177,-0.1309807
Sierra Leone,SLE,Regulatory Quality: Estimate,RQ.EST,-1.328195,-1.227088,-1.122344,-1.024799,-1.088785,-1.143849,-1.070928,-0.9751633,-0.7885708,-0.7360142,-0.7085726,-0.7031516,-0.7071913,-0.8055689,-0.8951481,-0.9254888,-0.9183713,-0.8876426,-0.8818939,-0.8576535
Singapore,SGP,Regulatory Quality: Estimate,RQ.EST,2.141958,1.940935,1.81779,1.772742,1.747712,1.753665,1.80752,1.868647,1.778742,1.786087,1.789596,1.965846,1.970402,2.233457,2.260543,2.180612,2.118332,2.126329,2.161546,2.205607
Slovak Republic,SVK,Regulatory Quality: Estimate,RQ.EST,0.5668238,0.9591576,0.9691389,1.144671,1.161917,1.133783,1.021248,1.115403,1.050077,1.00123,1.004638,1.046938,0.9341252,0.8897797,0.788662,0.8890519,0.8261192,0.8082806,1.006871,0.7844779
Slovenia,SVN,Regulatory Quality: Estimate,RQ.EST,0.6924266,0.8869246,0.8955325,0.8538088,0.8854151,0.7956023,0.7999157,0.8341884,0.9156417,0.7612643,0.6972604,0.63064,0.6301469,0.6616281,0.6263494,0.6402694,0.5802526,0.6537443,1.00893,0.9220372
Solomon Islands,SLB,Regulatory Quality: Estimate,RQ.EST,-1.38985,-1.687841,-2.625506,-1.317755,-0.957342,-1.075968,-1.108746,-1.197549,-1.202818,-1.189545,-1.044504,-1.041204,-1.103141,-1.080401,-0.9462257,-0.9580071,-0.7953451,-0.8370585,-0.8320891,-0.8383006
Somalia,SOM,Regulatory Quality: Estimate,RQ.EST,-2.445963,-2.064272,-2.082691,-2.305674,-2.146021,-2.545303,-2.531158,-2.645041,-2.555349,-2.388267,-2.377578,-2.253568,-2.219174,-2.124876,-2.15277,-2.265274,-2.286752,-2.256654,-2.203409,-2.063496
South Africa,ZAF,Regulatory Quality: Estimate,RQ.EST,0.4363826,0.6556168,0.8042418,0.6582638,0.7031338,0.6834127,0.4911874,0.4988977,0.4075375,0.3634101,0.4067755,0.3817532,0.4199755,0.2876857,0.2793786,0.2118435,0.2337251,0.1297222,0.1561929,0.2039087
South Sudan,SSD,Regulatory Quality: Estimate,RQ.EST,..,..,..,..,..,..,..,..,..,..,-1.673312,-1.471,-1.527299,-1.66792,-1.683604,-1.858261,-1.940352,-2.046948,-2.048774,-2.180991
Spain,ESP,Regulatory Quality: Estimate,RQ.EST,1.291325,1.374277,1.336925,1.316545,1.305955,1.177149,1.21499,1.25476,1.189271,1.160325,1.065844,0.9529905,0.9390443,0.750495,0.8076367,1.008604,0.9452308,0.948625,1.050283,0.7676963
Sri Lanka,LKA,Regulatory Quality: Estimate,RQ.EST,0.2401098,0.1947514,0.1040968,-0.0699689,-0.4215692,-0.2728167,-0.2877894,-0.3669674,-0.2784031,-0.2178601,-0.1136863,-0.1124752,-0.1534275,-0.1011968,-0.0529576,-0.1000357,-0.1308368,-0.1755948,-0.1844314,-0.1790705
St. Kitts and Nevis,KNA,Regulatory Quality: Estimate,RQ.EST,0.2338454,0.2010812,0.243588,0.0762937,1.240804,1.046696,0.7001134,0.6477721,0.595817,0.4837095,0.4453146,0.4208632,0.4319586,0.1871451,0.3781135,0.368028,0.2927027,0.5110556,0.5021414,0.5294037
St. Lucia,LCA,Regulatory Quality: Estimate,RQ.EST,0.2338454,0.2010812,0.243588,0.1739666,1.240804,1.10876,0.7904311,0.5425784,0.5851444,0.4842022,0.5130332,0.3401,0.3197097,0.2754634,0.3061971,0.290406,0.3068754,0.2790565,0.2328423,0.2882809
St. Vincent and the Grenadines,VCT,Regulatory Quality: Estimate,RQ.EST,0.2338454,0.2010812,0.243588,0.1642248,1.220339,0.8861196,0.7435877,0.5425784,0.5851444,0.4536531,0.4192622,0.3780405,0.3545902,0.3567459,0.2660685,0.2793267,0.2450408,0.2496106,0.2101836,0.2644302
Sudan,SDN,Regulatory Quality: Estimate,RQ.EST,-1.41806,-1.268128,-1.327771,-1.167874,-1.416499,-1.217746,-1.320729,-1.476903,-1.261884,-1.348169,-1.312921,-1.488992,-1.454026,-1.443862,-1.490344,-1.491437,-1.55794,-1.619956,-1.673408,-1.606018
Suriname,SUR,Regulatory Quality: Estimate,RQ.EST,-0.5711975,-0.656989,-0.542958,-0.6435751,-0.5156879,-0.5236704,-0.590809,-0.5416289,-0.612793,-0.6663967,-0.5802497,-0.4732941,-0.4449131,-0.6330165,-0.6074461,-0.6269572,-0.5362548,-0.6513091,-0.6795763,-0.7700764
Sweden,SWE,Regulatory Quality: Estimate,RQ.EST,1.405465,1.638661,1.642822,1.679736,1.534101,1.439837,1.57208,1.635778,1.652537,1.658656,1.898798,1.907862,1.905513,1.81139,1.815066,1.854203,1.801465,1.83254,1.80182,1.682474
Switzerland,CHE,Regulatory Quality: Estimate,RQ.EST,1.859273,1.783988,1.716271,1.647105,1.551834,1.495726,1.644415,1.561896,1.551713,1.623263,1.621409,1.65837,1.628784,1.806558,1.741087,1.911901,1.886934,1.798568,1.664615,1.590316
Syrian Arab Republic,SYR,Regulatory Quality: Estimate,RQ.EST,-1.264891,-1.006102,-1.02236,-1.097413,-0.9807453,-1.357165,-1.309509,-1.144832,-0.9634421,-0.9023036,-0.9505237,-1.530078,-1.54875,-1.685532,-1.635518,-1.666154,-1.827085,-1.737641,-1.758002,-1.86165
Taiwan China,TWN,Regulatory Quality: Estimate,RQ.EST,1.146491,1.052132,1.040999,1.164875,0.9324059,0.8439819,0.94775,1.003865,1.043028,1.117009,1.117004,1.187149,1.142665,1.303973,1.345918,1.28786,1.372124,1.381821,1.402878,1.370848
Tajikistan,TJK,Regulatory Quality: Estimate,RQ.EST,-1.117777,-1.266518,-1.061614,-1.066348,-1.121983,-1.105529,-1.129332,-1.086946,-1.069958,-1.018682,-0.9766871,-1.000983,-1.055816,-1.016256,-1.02426,-1.093137,-1.058203,-1.047202,-1.01063,-1.017401
Tanzania,TZA,Regulatory Quality: Estimate,RQ.EST,-0.2419443,-0.545294,-0.4974516,-0.467266,-0.5023046,-0.3928336,-0.41469,-0.5074317,-0.4425703,-0.4232683,-0.4188805,-0.3926336,-0.3290884,-0.3316137,-0.3749183,-0.4353084,-0.5779683,-0.6239105,-0.6408716,-0.657513
Thailand,THA,Regulatory Quality: Estimate,RQ.EST,0.4867977,0.1775825,0.3838208,0.2264043,0.4709562,0.243027,0.1428552,0.2105248,0.2179662,0.1737148,0.2016357,0.2435732,0.2265044,0.2732638,0.2920193,0.1680702,0.1410585,0.1023715,0.1164975,0.1833952
Timor-Leste,TLS,Regulatory Quality: Estimate,RQ.EST,..,-1.218581,-1.231316,-1.106535,-1.144141,-1.520449,-1.608514,-1.357014,-1.152743,-1.105252,-1.043545,-1.020925,-0.9823202,-0.8895317,-0.9656562,-0.9773058,-0.7369812,-0.791912,-0.7848517,-0.7758869
Togo,TGO,Regulatory Quality: Estimate,RQ.EST,-0.6073071,-0.6879103,-0.6434662,-0.7633483,-0.7914191,-0.8759041,-0.9354221,-0.954002,-0.8632654,-0.8803849,-0.9978567,-0.8441291,-0.9222642,-0.8202626,-0.8177804,-0.7933024,-0.7883667,-0.6510134,-0.6785822,-0.5908297
Tonga,TON,Regulatory Quality: Estimate,RQ.EST,-0.6255415,-1.08812,-1.155545,-0.7390341,-0.5043615,-0.6685205,-0.6957079,-0.7720021,-0.5760249,-0.581013,-0.5867458,-0.6274376,-0.6340656,-0.406627,-0.4169923,-0.4052489,-0.3959075,-0.3497502,-0.3276921,-0.3949929
Trinidad and Tobago,TTO,Regulatory Quality: Estimate,RQ.EST,0.6663482,0.7366931,0.7347103,0.6565735,0.6064353,0.6732379,0.6311259,0.6213224,0.5551491,0.519767,0.4235279,0.2399583,0.2733814,0.2305483,0.1544614,0.0867226,0.1222486,-0.1057298,-0.1511111,-0.1389572
Tunisia,TUN,Regulatory Quality: Estimate,RQ.EST,-0.0219359,-0.1213898,0.0265805,-0.0925945,-0.0820463,0.1075113,0.0327498,0.0570617,-0.0021409,-0.0303108,-0.1922985,-0.1886138,-0.3316378,-0.3825953,-0.4053105,-0.4700933,-0.3971246,-0.5147808,-0.4374437,-0.3649223
Turkey,TUR,Regulatory Quality: Estimate,RQ.EST,0.3504823,0.1009366,0.0437174,0.0578256,0.2773776,0.2891251,0.3172911,0.2593855,0.2801023,0.2986633,0.3703377,0.4200954,0.429084,0.3994922,0.2708806,0.1961425,0.0358436,0.0151102,-0.007641,-0.0106597
Turkmenistan,TKM,Regulatory Quality: Estimate,RQ.EST,-1.864268,-1.907908,-1.834535,-1.985751,-1.84537,-2.133038,-2.052334,-2.023839,-1.986239,-2.036858,-2.015868,-2.067515,-2.090626,-2.058527,-2.073841,-2.090988,-1.996331,-2.003166,-1.956706,-1.992943
Tuvalu,TUV,Regulatory Quality: Estimate,RQ.EST,0.3882081,0.298276,0.2635561,-0.0354022,-0.4060037,-0.7253124,-0.8157669,-1.093615,-1.012224,-1.15212,-1.249603,-1.234191,-1.302011,-0.8787953,-0.686199,-0.5901173,-0.7858735,-0.5861989,-0.5577604,-0.49174
Uganda,UGA,Regulatory Quality: Estimate,RQ.EST,0.0551188,-0.0368938,-0.0360671,-0.0266634,-0.2744117,-0.2414692,-0.2207041,-0.2322885,-0.175511,-0.1725371,-0.1569812,-0.2389865,-0.2439245,-0.2150176,-0.2619876,-0.2131466,-0.2214996,-0.2517202,-0.3742837,-0.4310607
Ukraine,UKR,Regulatory Quality: Estimate,RQ.EST,-0.5278614,-0.5773996,-0.5571327,-0.400207,-0.5354064,-0.5230965,-0.4321923,-0.5335409,-0.570349,-0.5159054,-0.6029896,-0.5954736,-0.6240215,-0.6288179,-0.5947011,-0.4295344,-0.3201192,-0.3001162,-0.2592331,-0.2958482
United Arab Emirates,ARE,Regulatory Quality: Estimate,RQ.EST,0.7285935,1.120548,0.6716169,0.8015861,0.6541783,0.6254781,0.609858,0.5673463,0.4445139,0.3202247,0.4492406,0.6762518,0.7807333,0.9920538,1.111059,0.9725956,1.015221,0.9302903,0.979414,1.083404
United Kingdom,GBR,Regulatory Quality: Estimate,RQ.EST,1.873088,1.757973,1.680367,1.736755,1.614293,1.839874,1.866609,1.785171,1.584341,1.732978,1.655506,1.645116,1.77062,1.825786,1.845658,1.760709,1.717483,1.777152,1.625986,1.481055
United States,USA,Regulatory Quality: Estimate,RQ.EST,1.760756,1.599691,1.60109,1.570001,1.607815,1.64107,1.492916,1.532345,1.400837,1.446141,1.46089,1.300954,1.268006,1.281425,1.256155,1.497076,1.631051,1.620526,1.345472,1.244659
Uruguay,URY,Regulatory Quality: Estimate,RQ.EST,0.7021272,0.5282958,0.3146923,0.2649729,0.3975147,0.3661618,0.2756489,0.2557974,0.3753503,0.394081,0.4360313,0.4357729,0.542352,0.5301751,0.4245313,0.4894556,0.4764564,0.5067634,0.5082366,0.582089
Uzbekistan,UZB,Regulatory Quality: Estimate,RQ.EST,-2.104799,-1.518451,-1.452368,-1.622783,-1.49414,-1.607384,-1.49311,-1.368667,-1.469529,-1.550278,-1.561155,-1.57999,-1.60269,-1.710769,-1.642438,-1.619923,-1.258372,-1.082762,-0.9922252,-0.9449065
Vanuatu,VUT,Regulatory Quality: Estimate,RQ.EST,-0.4256092,-1.102891,-1.274894,-0.3691154,0.2457585,0.0145478,-0.4243948,-0.6677086,-0.660708,-0.7501566,-0.6674644,-0.7308351,-0.5216718,-0.322363,-0.3493441,-0.2931163,-0.330114,-0.468573,-0.4605931,-0.4296038
Venezuela RB,VEN,Regulatory Quality: Estimate,RQ.EST,-0.5206191,-0.6425838,-1.021271,-1.102264,-1.109686,-1.209443,-1.443969,-1.387424,-1.593088,-1.623488,-1.481942,-1.517801,-1.630421,-1.815137,-1.884915,-1.996754,-1.976389,-2.363184,-2.359256,-2.234419
Vietnam,VNM,Regulatory Quality: Estimate,RQ.EST,-0.7283592,-0.7218186,-0.5614763,-0.5594633,-0.5962995,-0.6221038,-0.5622958,-0.618174,-0.6227548,-0.6165413,-0.5988311,-0.6687129,-0.6410623,-0.587682,-0.4827265,-0.4537929,-0.397156,-0.3494396,-0.2619721,-0.1479097
Virgin Islands (U.S.),VIR,Regulatory Quality: Estimate,RQ.EST,..,..,..,1.279269,1.113491,0.6090057,0.6274899,0.6425917,0.6548098,0.6446683,0.6357366,0.6043823,0.6065512,0.5329666,0.5426964,0.8714429,0.844159,0.8234454,1.228282,1.339709
West Bank and Gaza,PSE,Regulatory Quality: Estimate,RQ.EST,-0.9004721,-0.9742701,-0.9912876,-0.6303802,-1.055032,-1.013073,-1.195622,-1.121119,-0.2091562,0.2146466,0.2030038,0.0765834,0.1224575,0.208703,0.1028548,0.0646446,0.0243386,0.0187009,0.0338395,0.0797941
Yemen Rep.,YEM,Regulatory Quality: Estimate,RQ.EST,-0.6635609,-0.8045793,-0.7113255,-0.8463301,-0.8316069,-0.773276,-0.6727214,-0.7245512,-0.6451725,-0.6190434,-0.8377433,-0.6889887,-0.7277667,-0.8901079,-1.125278,-1.479931,-1.447332,-1.587908,-1.663773,-1.799907
Zambia,ZMB,Regulatory Quality: Estimate,RQ.EST,-0.2592472,-0.5988599,-0.5518124,-0.5432987,-0.7349188,-0.6243531,-0.4928786,-0.4648499,-0.5274447,-0.4962905,-0.4388662,-0.4266993,-0.4740081,-0.5034276,-0.4365156,-0.4835931,-0.4650216,-0.4833411,-0.5538131,-0.6198913
Zimbabwe,ZWE,Regulatory Quality: Estimate,RQ.EST,-1.416606,-1.933147,-1.975507,-2.063846,-2.236245,-1.959043,-2.156215,-2.14083,-2.117831,-2.070647,-1.9349,-1.888528,-1.843716,-1.903126,-1.653554,-1.72011,-1.561047,-1.504843,-1.46259,-1.422032
